case,seed,n_bins,fold,model,fit_hours,validation_hours,mean_nll
Synthetic seed 0,0,4,1,price_only,6132,2044,4.335974992538262
Synthetic seed 0,0,4,1,hour_aware,6132,2044,4.3068292716111225
Synthetic seed 0,0,4,2,price_only,8176,2044,4.433295024925964
Synthetic seed 0,0,4,2,hour_aware,8176,2044,4.420748632982672
Synthetic seed 0,0,4,3,price_only,10220,2044,4.2990786419340274
Synthetic seed 0,0,4,3,hour_aware,10220,2044,4.248992273268912
Synthetic seed 0,0,6,1,price_only,6132,2044,4.227632545585276
Synthetic seed 0,0,6,1,hour_aware,6132,2044,4.215003958164389
Synthetic seed 0,0,6,2,price_only,8176,2044,4.295810556828964
Synthetic seed 0,0,6,2,hour_aware,8176,2044,4.2940715646347165
Synthetic seed 0,0,6,3,price_only,10220,2044,4.160484073653915
Synthetic seed 0,0,6,3,hour_aware,10220,2044,4.112595586451399
Synthetic seed 0,0,8,1,price_only,6132,2044,4.1451442859420276
Synthetic seed 0,0,8,1,hour_aware,6132,2044,4.151585347114414
Synthetic seed 0,0,8,2,price_only,8176,2044,4.211728630278973
Synthetic seed 0,0,8,2,hour_aware,8176,2044,4.225752189230073
Synthetic seed 0,0,8,3,price_only,10220,2044,4.062357744813006
Synthetic seed 0,0,8,3,hour_aware,10220,2044,4.021118847590234
Synthetic seed 0,0,10,1,price_only,6132,2044,4.093133346779038
Synthetic seed 0,0,10,1,hour_aware,6132,2044,4.121827543752277
Synthetic seed 0,0,10,2,price_only,8176,2044,4.138211054499636
Synthetic seed 0,0,10,2,hour_aware,8176,2044,4.176755942573473
Synthetic seed 0,0,10,3,price_only,10220,2044,4.015394923527085
Synthetic seed 0,0,10,3,hour_aware,10220,2044,3.9942868665971445
Synthetic seed 0,0,12,1,price_only,6132,2044,4.029050738658746
Synthetic seed 0,0,12,1,hour_aware,6132,2044,4.08306770176332
Synthetic seed 0,0,12,2,price_only,8176,2044,4.101542396730688
Synthetic seed 0,0,12,2,hour_aware,8176,2044,4.1594295217298916
Synthetic seed 0,0,12,3,price_only,10220,2044,3.9740846161144643
Synthetic seed 0,0,12,3,hour_aware,10220,2044,3.974607356728528
Synthetic seed 0,0,16,1,price_only,6132,2044,3.986696457457842
Synthetic seed 0,0,16,1,hour_aware,6132,2044,4.08584496101252
Synthetic seed 0,0,16,2,price_only,8176,2044,4.0254955415461335
Synthetic seed 0,0,16,2,hour_aware,8176,2044,4.125950931389395
Synthetic seed 0,0,16,3,price_only,10220,2044,3.8973474393171896
Synthetic seed 0,0,16,3,hour_aware,10220,2044,3.9224936183518455
Synthetic seed 0,0,20,1,price_only,6132,2044,3.938264489116081
Synthetic seed 0,0,20,1,hour_aware,6132,2044,4.072387926465957
Synthetic seed 0,0,20,2,price_only,8176,2044,3.963382684530659
Synthetic seed 0,0,20,2,hour_aware,8176,2044,4.09272805038578
Synthetic seed 0,0,20,3,price_only,10220,2044,3.864656189429875
Synthetic seed 0,0,20,3,hour_aware,10220,2044,3.9294425612993824
Synthetic seed 0,0,24,1,price_only,6132,2044,3.9207807630358253
Synthetic seed 0,0,24,1,hour_aware,6132,2044,4.087476948230836
Synthetic seed 0,0,24,2,price_only,8176,2044,3.92795786393471
Synthetic seed 0,0,24,2,hour_aware,8176,2044,4.082088418608743
Synthetic seed 0,0,24,3,price_only,10220,2044,3.8668467025648003
Synthetic seed 0,0,24,3,hour_aware,10220,2044,3.957129552243453
Synthetic seed 0,0,32,1,price_only,6132,2044,3.922036251798316
Synthetic seed 0,0,32,1,hour_aware,6132,2044,4.116760568627122
Synthetic seed 0,0,32,2,price_only,8176,2044,3.906143852858196
Synthetic seed 0,0,32,2,hour_aware,8176,2044,4.129704580030817
Synthetic seed 0,0,32,3,price_only,10220,2044,3.8734491452253366
Synthetic seed 0,0,32,3,hour_aware,10220,2044,4.008832501075315
Synthetic seed 0,0,40,1,price_only,6132,2044,3.922260362437203
Synthetic seed 0,0,40,1,hour_aware,6132,2044,4.160691934570677
Synthetic seed 0,0,40,2,price_only,8176,2044,3.9276455853270007
Synthetic seed 0,0,40,2,hour_aware,8176,2044,4.1991894209686365
Synthetic seed 0,0,40,3,price_only,10220,2044,3.8602331145887248
Synthetic seed 0,0,40,3,hour_aware,10220,2044,4.0314922927999985
Synthetic seed 0,0,48,1,price_only,6132,2044,3.9246524998298806
Synthetic seed 0,0,48,1,hour_aware,6132,2044,4.197279861727328
Synthetic seed 0,0,48,2,price_only,8176,2044,3.9258784388370422
Synthetic seed 0,0,48,2,hour_aware,8176,2044,4.214267221006006
Synthetic seed 0,0,48,3,price_only,10220,2044,3.8676201203195255
Synthetic seed 0,0,48,3,hour_aware,10220,2044,4.07893610851251
Synthetic seed 1,1,4,1,price_only,6132,2044,4.377953905656572
Synthetic seed 1,1,4,1,hour_aware,6132,2044,4.359547344992348
Synthetic seed 1,1,4,2,price_only,8176,2044,4.419625400283514
Synthetic seed 1,1,4,2,hour_aware,8176,2044,4.3929552099869
Synthetic seed 1,1,4,3,price_only,10220,2044,4.244359482451296
Synthetic seed 1,1,4,3,hour_aware,10220,2044,4.193481009415613
Synthetic seed 1,1,6,1,price_only,6132,2044,4.230452541491402
Synthetic seed 1,1,6,1,hour_aware,6132,2044,4.232760766775315
Synthetic seed 1,1,6,2,price_only,8176,2044,4.283887597815412
Synthetic seed 1,1,6,2,hour_aware,8176,2044,4.267455126447351
Synthetic seed 1,1,6,3,price_only,10220,2044,4.098086035699206
Synthetic seed 1,1,6,3,hour_aware,10220,2044,4.0512043448648445
Synthetic seed 1,1,8,1,price_only,6132,2044,4.126588375018991
Synthetic seed 1,1,8,1,hour_aware,6132,2044,4.152817051313767
Synthetic seed 1,1,8,2,price_only,8176,2044,4.22344697424327
Synthetic seed 1,1,8,2,hour_aware,8176,2044,4.217875578881112
Synthetic seed 1,1,8,3,price_only,10220,2044,4.017983812644508
Synthetic seed 1,1,8,3,hour_aware,10220,2044,3.971744894018836
Synthetic seed 1,1,10,1,price_only,6132,2044,4.066738693581383
Synthetic seed 1,1,10,1,hour_aware,6132,2044,4.1201259332220985
Synthetic seed 1,1,10,2,price_only,8176,2044,4.177519975711869
Synthetic seed 1,1,10,2,hour_aware,8176,2044,4.189818946484709
Synthetic seed 1,1,10,3,price_only,10220,2044,3.969485471792144
Synthetic seed 1,1,10,3,hour_aware,10220,2044,3.9375062742130704
Synthetic seed 1,1,12,1,price_only,6132,2044,4.0259912378766
Synthetic seed 1,1,12,1,hour_aware,6132,2044,4.099608959345887
Synthetic seed 1,1,12,2,price_only,8176,2044,4.102562247947263
Synthetic seed 1,1,12,2,hour_aware,8176,2044,4.143221496330539
Synthetic seed 1,1,12,3,price_only,10220,2044,3.941251093789112
Synthetic seed 1,1,12,3,hour_aware,10220,2044,3.9420093457841436
Synthetic seed 1,1,16,1,price_only,6132,2044,3.958370246584346
Synthetic seed 1,1,16,1,hour_aware,6132,2044,4.084034135094827
Synthetic seed 1,1,16,2,price_only,8176,2044,4.016537422849073
Synthetic seed 1,1,16,2,hour_aware,8176,2044,4.085058657605075
Synthetic seed 1,1,16,3,price_only,10220,2044,3.868640292764662
Synthetic seed 1,1,16,3,hour_aware,10220,2044,3.8879344008552073
Synthetic seed 1,1,20,1,price_only,6132,2044,3.899731955022304
Synthetic seed 1,1,20,1,hour_aware,6132,2044,4.053241460998433
Synthetic seed 1,1,20,2,price_only,8176,2044,3.9680898026046143
Synthetic seed 1,1,20,2,hour_aware,8176,2044,4.069275996503508
Synthetic seed 1,1,20,3,price_only,10220,2044,3.8481929634516088
Synthetic seed 1,1,20,3,hour_aware,10220,2044,3.905686134985096
Synthetic seed 1,1,24,1,price_only,6132,2044,3.8754457624796026
Synthetic seed 1,1,24,1,hour_aware,6132,2044,4.060715624111281
Synthetic seed 1,1,24,2,price_only,8176,2044,3.9286192004936957
Synthetic seed 1,1,24,2,hour_aware,8176,2044,4.054335543533579
Synthetic seed 1,1,24,3,price_only,10220,2044,3.8391913986022304
Synthetic seed 1,1,24,3,hour_aware,10220,2044,3.925673542640139
Synthetic seed 1,1,32,1,price_only,6132,2044,3.903884420711876
Synthetic seed 1,1,32,1,hour_aware,6132,2044,4.145521384235281
Synthetic seed 1,1,32,2,price_only,8176,2044,3.947826898193826
Synthetic seed 1,1,32,2,hour_aware,8176,2044,4.134262647782555
Synthetic seed 1,1,32,3,price_only,10220,2044,3.8382232677719648
Synthetic seed 1,1,32,3,hour_aware,10220,2044,3.9542557649702585
Synthetic seed 1,1,40,1,price_only,6132,2044,3.9049670850312923
Synthetic seed 1,1,40,1,hour_aware,6132,2044,4.196212619420743
Synthetic seed 1,1,40,2,price_only,8176,2044,3.9309805027734384
Synthetic seed 1,1,40,2,hour_aware,8176,2044,4.159721493872051
Synthetic seed 1,1,40,3,price_only,10220,2044,3.825746527091085
Synthetic seed 1,1,40,3,hour_aware,10220,2044,3.992620891206868
Synthetic seed 1,1,48,1,price_only,6132,2044,3.888814616660846
Synthetic seed 1,1,48,1,hour_aware,6132,2044,4.204463633101223
Synthetic seed 1,1,48,2,price_only,8176,2044,3.926175747888608
Synthetic seed 1,1,48,2,hour_aware,8176,2044,4.185225510997401
Synthetic seed 1,1,48,3,price_only,10220,2044,3.822052510449754
Synthetic seed 1,1,48,3,hour_aware,10220,2044,4.012414494902292
Synthetic seed 2,2,4,1,price_only,6132,2044,4.329891860753701
Synthetic seed 2,2,4,1,hour_aware,6132,2044,4.3075247284566816
Synthetic seed 2,2,4,2,price_only,8176,2044,4.327922433941667
Synthetic seed 2,2,4,2,hour_aware,8176,2044,4.297871346945068
Synthetic seed 2,2,4,3,price_only,10220,2044,4.407622172305401
Synthetic seed 2,2,4,3,hour_aware,10220,2044,4.35789345215657
Synthetic seed 2,2,6,1,price_only,6132,2044,4.16060060973079
Synthetic seed 2,2,6,1,hour_aware,6132,2044,4.159449151950881
Synthetic seed 2,2,6,2,price_only,8176,2044,4.189830896818978
Synthetic seed 2,2,6,2,hour_aware,8176,2044,4.174608711156454
Synthetic seed 2,2,6,3,price_only,10220,2044,4.26277459922
Synthetic seed 2,2,6,3,hour_aware,10220,2044,4.2102931523683695
Synthetic seed 2,2,8,1,price_only,6132,2044,4.064583751589425
Synthetic seed 2,2,8,1,hour_aware,6132,2044,4.086746729777411
Synthetic seed 2,2,8,2,price_only,8176,2044,4.076625829881127
Synthetic seed 2,2,8,2,hour_aware,8176,2044,4.087037477573417
Synthetic seed 2,2,8,3,price_only,10220,2044,4.16303369963997
Synthetic seed 2,2,8,3,hour_aware,10220,2044,4.128953243440203
Synthetic seed 2,2,10,1,price_only,6132,2044,4.016343032004979
Synthetic seed 2,2,10,1,hour_aware,6132,2044,4.051744282679103
Synthetic seed 2,2,10,2,price_only,8176,2044,4.0317330046374575
Synthetic seed 2,2,10,2,hour_aware,8176,2044,4.059311574162478
Synthetic seed 2,2,10,3,price_only,10220,2044,4.0959664078624005
Synthetic seed 2,2,10,3,hour_aware,10220,2044,4.068954366028238
Synthetic seed 2,2,12,1,price_only,6132,2044,3.96297824028319
Synthetic seed 2,2,12,1,hour_aware,6132,2044,4.01742958821629
Synthetic seed 2,2,12,2,price_only,8176,2044,3.968496511382214
Synthetic seed 2,2,12,2,hour_aware,8176,2044,4.013478570102877
Synthetic seed 2,2,12,3,price_only,10220,2044,4.027765361173336
Synthetic seed 2,2,12,3,hour_aware,10220,2044,4.02004379461633
Synthetic seed 2,2,16,1,price_only,6132,2044,3.867100353335132
Synthetic seed 2,2,16,1,hour_aware,6132,2044,3.9778593928021944
Synthetic seed 2,2,16,2,price_only,8176,2044,3.876507052467583
Synthetic seed 2,2,16,2,hour_aware,8176,2044,3.971356518528679
Synthetic seed 2,2,16,3,price_only,10220,2044,3.967519535689514
Synthetic seed 2,2,16,3,hour_aware,10220,2044,3.9908741281159736
Synthetic seed 2,2,20,1,price_only,6132,2044,3.872848009022206
Synthetic seed 2,2,20,1,hour_aware,6132,2044,4.000985878687227
Synthetic seed 2,2,20,2,price_only,8176,2044,3.8389833677737277
Synthetic seed 2,2,20,2,hour_aware,8176,2044,3.969313885289023
Synthetic seed 2,2,20,3,price_only,10220,2044,3.9455787762812164
Synthetic seed 2,2,20,3,hour_aware,10220,2044,4.002925946186661
Synthetic seed 2,2,24,1,price_only,6132,2044,3.8867079922029637
Synthetic seed 2,2,24,1,hour_aware,6132,2044,4.052707042185223
Synthetic seed 2,2,24,2,price_only,8176,2044,3.865346105661741
Synthetic seed 2,2,24,2,hour_aware,8176,2044,4.006016493090958
Synthetic seed 2,2,24,3,price_only,10220,2044,3.949020453935994
Synthetic seed 2,2,24,3,hour_aware,10220,2044,4.0310639084701725
Synthetic seed 2,2,32,1,price_only,6132,2044,3.8476466162606773
Synthetic seed 2,2,32,1,hour_aware,6132,2044,4.067237670977682
Synthetic seed 2,2,32,2,price_only,8176,2044,3.8457720122757135
Synthetic seed 2,2,32,2,hour_aware,8176,2044,4.044967315423765
Synthetic seed 2,2,32,3,price_only,10220,2044,3.9246867651138047
Synthetic seed 2,2,32,3,hour_aware,10220,2044,4.056637976645569
Synthetic seed 2,2,40,1,price_only,6132,2044,3.875986661986547
Synthetic seed 2,2,40,1,hour_aware,6132,2044,4.124169419115453
Synthetic seed 2,2,40,2,price_only,8176,2044,3.8388379999618127
Synthetic seed 2,2,40,2,hour_aware,8176,2044,4.070485775099772
Synthetic seed 2,2,40,3,price_only,10220,2044,3.9162730437839963
Synthetic seed 2,2,40,3,hour_aware,10220,2044,4.101012850424709
Synthetic seed 2,2,48,1,price_only,6132,2044,3.852869643515598
Synthetic seed 2,2,48,1,hour_aware,6132,2044,4.1262310628214385
Synthetic seed 2,2,48,2,price_only,8176,2044,3.8433519892792978
Synthetic seed 2,2,48,2,hour_aware,8176,2044,4.102321013175164
Synthetic seed 2,2,48,3,price_only,10220,2044,3.921621083873865
Synthetic seed 2,2,48,3,hour_aware,10220,2044,4.133197848065368
Synthetic seed 3,3,4,1,price_only,6132,2044,4.309890920873284
Synthetic seed 3,3,4,1,hour_aware,6132,2044,4.277266196342468
Synthetic seed 3,3,4,2,price_only,8176,2044,4.485641478146054
Synthetic seed 3,3,4,2,hour_aware,8176,2044,4.4568037438175425
Synthetic seed 3,3,4,3,price_only,10220,2044,4.243648405723626
Synthetic seed 3,3,4,3,hour_aware,10220,2044,4.200252711647828
Synthetic seed 3,3,6,1,price_only,6132,2044,4.1863203964053435
Synthetic seed 3,3,6,1,hour_aware,6132,2044,4.165389178059912
Synthetic seed 3,3,6,2,price_only,8176,2044,4.319959626546572
Synthetic seed 3,3,6,2,hour_aware,8176,2044,4.299708443832278
Synthetic seed 3,3,6,3,price_only,10220,2044,4.095645038372359
Synthetic seed 3,3,6,3,hour_aware,10220,2044,4.058682800645811
Synthetic seed 3,3,8,1,price_only,6132,2044,4.1024996141769785
Synthetic seed 3,3,8,1,hour_aware,6132,2044,4.101567917213668
Synthetic seed 3,3,8,2,price_only,8176,2044,4.223101186430819
Synthetic seed 3,3,8,2,hour_aware,8176,2044,4.217131108332515
Synthetic seed 3,3,8,3,price_only,10220,2044,4.028735413937321
Synthetic seed 3,3,8,3,hour_aware,10220,2044,4.004285711527775
Synthetic seed 3,3,10,1,price_only,6132,2044,4.041986608350909
Synthetic seed 3,3,10,1,hour_aware,6132,2044,4.066048230741198
Synthetic seed 3,3,10,2,price_only,8176,2044,4.140283921943455
Synthetic seed 3,3,10,2,hour_aware,8176,2044,4.147597690250427
Synthetic seed 3,3,10,3,price_only,10220,2044,3.9493378622350552
Synthetic seed 3,3,10,3,hour_aware,10220,2044,3.9397925601677994
Synthetic seed 3,3,12,1,price_only,6132,2044,3.9856348512829616
Synthetic seed 3,3,12,1,hour_aware,6132,2044,4.023352978563877
Synthetic seed 3,3,12,2,price_only,8176,2044,4.085411321062366
Synthetic seed 3,3,12,2,hour_aware,8176,2044,4.120128985025179
Synthetic seed 3,3,12,3,price_only,10220,2044,3.919792364478395
Synthetic seed 3,3,12,3,hour_aware,10220,2044,3.9305674440988976
Synthetic seed 3,3,16,1,price_only,6132,2044,3.917102802298667
Synthetic seed 3,3,16,1,hour_aware,6132,2044,4.001684409349554
Synthetic seed 3,3,16,2,price_only,8176,2044,3.9855154512034825
Synthetic seed 3,3,16,2,hour_aware,8176,2044,4.057874821553684
Synthetic seed 3,3,16,3,price_only,10220,2044,3.8831045946788985
Synthetic seed 3,3,16,3,hour_aware,10220,2044,3.937116452870737
Synthetic seed 3,3,20,1,price_only,6132,2044,3.8881658730252973
Synthetic seed 3,3,20,1,hour_aware,6132,2044,4.002937567946315
Synthetic seed 3,3,20,2,price_only,8176,2044,3.9259477396154736
Synthetic seed 3,3,20,2,hour_aware,8176,2044,4.035563009990502
Synthetic seed 3,3,20,3,price_only,10220,2044,3.8587149596530095
Synthetic seed 3,3,20,3,hour_aware,10220,2044,3.914309156202153
Synthetic seed 3,3,24,1,price_only,6132,2044,3.88007164484933
Synthetic seed 3,3,24,1,hour_aware,6132,2044,4.019146355638616
Synthetic seed 3,3,24,2,price_only,8176,2044,3.9263375739446036
Synthetic seed 3,3,24,2,hour_aware,8176,2044,4.077749101852969
Synthetic seed 3,3,24,3,price_only,10220,2044,3.8665235740047716
Synthetic seed 3,3,24,3,hour_aware,10220,2044,3.956866165090871
Synthetic seed 3,3,32,1,price_only,6132,2044,3.876815050029999
Synthetic seed 3,3,32,1,hour_aware,6132,2044,4.085509083515106
Synthetic seed 3,3,32,2,price_only,8176,2044,3.9379742935989137
Synthetic seed 3,3,32,2,hour_aware,8176,2044,4.1358965493953415
Synthetic seed 3,3,32,3,price_only,10220,2044,3.8374082855232894
Synthetic seed 3,3,32,3,hour_aware,10220,2044,3.981766917160195
Synthetic seed 3,3,40,1,price_only,6132,2044,3.8662673502203173
Synthetic seed 3,3,40,1,hour_aware,6132,2044,4.113642649483158
Synthetic seed 3,3,40,2,price_only,8176,2044,3.9219146125270683
Synthetic seed 3,3,40,2,hour_aware,8176,2044,4.162642041304098
Synthetic seed 3,3,40,3,price_only,10220,2044,3.8430019719410176
Synthetic seed 3,3,40,3,hour_aware,10220,2044,4.001436201664388
Synthetic seed 3,3,48,1,price_only,6132,2044,3.872514797722894
Synthetic seed 3,3,48,1,hour_aware,6132,2044,4.166328976368425
Synthetic seed 3,3,48,2,price_only,8176,2044,3.919906442539881
Synthetic seed 3,3,48,2,hour_aware,8176,2044,4.215172886204859
Synthetic seed 3,3,48,3,price_only,10220,2044,3.840700788093104
Synthetic seed 3,3,48,3,hour_aware,10220,2044,4.047782575621248
Synthetic seed 4,4,4,1,price_only,6132,2044,4.373811943023006
Synthetic seed 4,4,4,1,hour_aware,6132,2044,4.347133779274516
Synthetic seed 4,4,4,2,price_only,8176,2044,4.407405535858021
Synthetic seed 4,4,4,2,hour_aware,8176,2044,4.389659264899802
Synthetic seed 4,4,4,3,price_only,10220,2044,4.250373583963207
Synthetic seed 4,4,4,3,hour_aware,10220,2044,4.198944256742245
Synthetic seed 4,4,6,1,price_only,6132,2044,4.209437519060764
Synthetic seed 4,4,6,1,hour_aware,6132,2044,4.209771124359543
Synthetic seed 4,4,6,2,price_only,8176,2044,4.279615743830404
Synthetic seed 4,4,6,2,hour_aware,8176,2044,4.268868387072898
Synthetic seed 4,4,6,3,price_only,10220,2044,4.112704263732053
Synthetic seed 4,4,6,3,hour_aware,10220,2044,4.066604404367435
Synthetic seed 4,4,8,1,price_only,6132,2044,4.142436007370088
Synthetic seed 4,4,8,1,hour_aware,6132,2044,4.160715580924188
Synthetic seed 4,4,8,2,price_only,8176,2044,4.207784507636713
Synthetic seed 4,4,8,2,hour_aware,8176,2044,4.218243414744448
Synthetic seed 4,4,8,3,price_only,10220,2044,4.025565675261328
Synthetic seed 4,4,8,3,hour_aware,10220,2044,3.9884079691313072
Synthetic seed 4,4,10,1,price_only,6132,2044,4.096902196282311
Synthetic seed 4,4,10,1,hour_aware,6132,2044,4.14229766679541
Synthetic seed 4,4,10,2,price_only,8176,2044,4.146646979282807
Synthetic seed 4,4,10,2,hour_aware,8176,2044,4.179304756439677
Synthetic seed 4,4,10,3,price_only,10220,2044,3.9680721890440207
Synthetic seed 4,4,10,3,hour_aware,10220,2044,3.9496927774657578
Synthetic seed 4,4,12,1,price_only,6132,2044,4.034258906023613
Synthetic seed 4,4,12,1,hour_aware,6132,2044,4.100227545538306
Synthetic seed 4,4,12,2,price_only,8176,2044,4.089896336908632
Synthetic seed 4,4,12,2,hour_aware,8176,2044,4.136192209630644
Synthetic seed 4,4,12,3,price_only,10220,2044,3.926174464207275
Synthetic seed 4,4,12,3,hour_aware,10220,2044,3.9224894614680994
Synthetic seed 4,4,16,1,price_only,6132,2044,3.949708583449518
Synthetic seed 4,4,16,1,hour_aware,6132,2044,4.062504046419587
Synthetic seed 4,4,16,2,price_only,8176,2044,4.01830764751331
Synthetic seed 4,4,16,2,hour_aware,8176,2044,4.11054447020509
Synthetic seed 4,4,16,3,price_only,10220,2044,3.8836622018556737
Synthetic seed 4,4,16,3,hour_aware,10220,2044,3.904206339563745
Synthetic seed 4,4,20,1,price_only,6132,2044,3.9013639955185906
Synthetic seed 4,4,20,1,hour_aware,6132,2044,4.0432326208237965
Synthetic seed 4,4,20,2,price_only,8176,2044,3.957500348432325
Synthetic seed 4,4,20,2,hour_aware,8176,2044,4.080512673244297
Synthetic seed 4,4,20,3,price_only,10220,2044,3.859072191283845
Synthetic seed 4,4,20,3,hour_aware,10220,2044,3.9249646424200164
Synthetic seed 4,4,24,1,price_only,6132,2044,3.8634970426323667
Synthetic seed 4,4,24,1,hour_aware,6132,2044,4.053415762602753
Synthetic seed 4,4,24,2,price_only,8176,2044,3.8816816827215184
Synthetic seed 4,4,24,2,hour_aware,8176,2044,4.037112157238949
Synthetic seed 4,4,24,3,price_only,10220,2044,3.8501859401533336
Synthetic seed 4,4,24,3,hour_aware,10220,2044,3.944076766410144
Synthetic seed 4,4,32,1,price_only,6132,2044,3.878767430800554
Synthetic seed 4,4,32,1,hour_aware,6132,2044,4.116249957135224
Synthetic seed 4,4,32,2,price_only,8176,2044,3.9144481016693335
Synthetic seed 4,4,32,2,hour_aware,8176,2044,4.12292893963178
Synthetic seed 4,4,32,3,price_only,10220,2044,3.850943914295312
Synthetic seed 4,4,32,3,hour_aware,10220,2044,3.971700628533662
Synthetic seed 4,4,40,1,price_only,6132,2044,3.879487646409562
Synthetic seed 4,4,40,1,hour_aware,6132,2044,4.168775734347561
Synthetic seed 4,4,40,2,price_only,8176,2044,3.9233162352870243
Synthetic seed 4,4,40,2,hour_aware,8176,2044,4.174662891748905
Synthetic seed 4,4,40,3,price_only,10220,2044,3.853711048024849
Synthetic seed 4,4,40,3,hour_aware,10220,2044,4.017082693499992
Synthetic seed 4,4,48,1,price_only,6132,2044,3.863767686890441
Synthetic seed 4,4,48,1,hour_aware,6132,2044,4.173884307793309
Synthetic seed 4,4,48,2,price_only,8176,2044,3.8839453665698853
Synthetic seed 4,4,48,2,hour_aware,8176,2044,4.169366085774003
Synthetic seed 4,4,48,3,price_only,10220,2044,3.8628455602158724
Synthetic seed 4,4,48,3,hour_aware,10220,2044,4.061632760938527
Synthetic seed 5,5,4,1,price_only,6132,2044,4.411784287166339
Synthetic seed 5,5,4,1,hour_aware,6132,2044,4.400080710017292
Synthetic seed 5,5,4,2,price_only,8176,2044,4.431926033710541
Synthetic seed 5,5,4,2,hour_aware,8176,2044,4.415848259574906
Synthetic seed 5,5,4,3,price_only,10220,2044,4.197232711466587
Synthetic seed 5,5,4,3,hour_aware,10220,2044,4.140165086105284
Synthetic seed 5,5,6,1,price_only,6132,2044,4.267449911356173
Synthetic seed 5,5,6,1,hour_aware,6132,2044,4.268402054595687
Synthetic seed 5,5,6,2,price_only,8176,2044,4.287763028000338
Synthetic seed 5,5,6,2,hour_aware,8176,2044,4.286483197168301
Synthetic seed 5,5,6,3,price_only,10220,2044,4.07527796872785
Synthetic seed 5,5,6,3,hour_aware,10220,2044,4.021441533620974
Synthetic seed 5,5,8,1,price_only,6132,2044,4.160315395370232
Synthetic seed 5,5,8,1,hour_aware,6132,2044,4.185473954905107
Synthetic seed 5,5,8,2,price_only,8176,2044,4.1719435872555675
Synthetic seed 5,5,8,2,hour_aware,8176,2044,4.184355883470509
Synthetic seed 5,5,8,3,price_only,10220,2044,3.984433100504448
Synthetic seed 5,5,8,3,hour_aware,10220,2044,3.9429447009896554
Synthetic seed 5,5,10,1,price_only,6132,2044,4.11541513361211
Synthetic seed 5,5,10,1,hour_aware,6132,2044,4.157849440922256
Synthetic seed 5,5,10,2,price_only,8176,2044,4.107136537174813
Synthetic seed 5,5,10,2,hour_aware,8176,2044,4.142845052626814
Synthetic seed 5,5,10,3,price_only,10220,2044,3.91227026186794
Synthetic seed 5,5,10,3,hour_aware,10220,2044,3.8856031854386437
Synthetic seed 5,5,12,1,price_only,6132,2044,4.0791761801317055
Synthetic seed 5,5,12,1,hour_aware,6132,2044,4.153880933759143
Synthetic seed 5,5,12,2,price_only,8176,2044,4.02565900934967
Synthetic seed 5,5,12,2,hour_aware,8176,2044,4.086933018739376
Synthetic seed 5,5,12,3,price_only,10220,2044,3.8853731660080717
Synthetic seed 5,5,12,3,hour_aware,10220,2044,3.8778785864934417
Synthetic seed 5,5,16,1,price_only,6132,2044,3.969754862267406
Synthetic seed 5,5,16,1,hour_aware,6132,2044,4.090657480625642
Synthetic seed 5,5,16,2,price_only,8176,2044,3.9224341702563383
Synthetic seed 5,5,16,2,hour_aware,8176,2044,4.019676919680742
Synthetic seed 5,5,16,3,price_only,10220,2044,3.8398853994718736
Synthetic seed 5,5,16,3,hour_aware,10220,2044,3.8620242743239523
Synthetic seed 5,5,20,1,price_only,6132,2044,3.9361642913886707
Synthetic seed 5,5,20,1,hour_aware,6132,2044,4.081688617767899
Synthetic seed 5,5,20,2,price_only,8176,2044,3.86941537704385
Synthetic seed 5,5,20,2,hour_aware,8176,2044,4.006482722672371
Synthetic seed 5,5,20,3,price_only,10220,2044,3.8314226134904295
Synthetic seed 5,5,20,3,hour_aware,10220,2044,3.8840696056575994
Synthetic seed 5,5,24,1,price_only,6132,2044,3.9754518353967927
Synthetic seed 5,5,24,1,hour_aware,6132,2044,4.159190068619789
Synthetic seed 5,5,24,2,price_only,8176,2044,3.9159588529644265
Synthetic seed 5,5,24,2,hour_aware,8176,2044,4.095802148046845
Synthetic seed 5,5,24,3,price_only,10220,2044,3.807477055140085
Synthetic seed 5,5,24,3,hour_aware,10220,2044,3.8839414312101592
Synthetic seed 5,5,32,1,price_only,6132,2044,3.948029513079283
Synthetic seed 5,5,32,1,hour_aware,6132,2044,4.183225797063474
Synthetic seed 5,5,32,2,price_only,8176,2044,3.8908449381726604
Synthetic seed 5,5,32,2,hour_aware,8176,2044,4.103228452856324
Synthetic seed 5,5,32,3,price_only,10220,2044,3.8047866745356975
Synthetic seed 5,5,32,3,hour_aware,10220,2044,3.9217963865399184
Synthetic seed 5,5,40,1,price_only,6132,2044,3.9287786527403816
Synthetic seed 5,5,40,1,hour_aware,6132,2044,4.213153151695798
Synthetic seed 5,5,40,2,price_only,8176,2044,3.874272140351561
Synthetic seed 5,5,40,2,hour_aware,8176,2044,4.13535763309942
Synthetic seed 5,5,40,3,price_only,10220,2044,3.8017720871040224
Synthetic seed 5,5,40,3,hour_aware,10220,2044,3.9456353081850755
Synthetic seed 5,5,48,1,price_only,6132,2044,3.9547096072638
Synthetic seed 5,5,48,1,hour_aware,6132,2044,4.261144230885659
Synthetic seed 5,5,48,2,price_only,8176,2044,3.890162505682812
Synthetic seed 5,5,48,2,hour_aware,8176,2044,4.193072025364674
Synthetic seed 5,5,48,3,price_only,10220,2044,3.8121298431522557
Synthetic seed 5,5,48,3,hour_aware,10220,2044,3.9975520337114685
Synthetic seed 6,6,4,1,price_only,6132,2044,4.363128800968357
Synthetic seed 6,6,4,1,hour_aware,6132,2044,4.336308429023656
Synthetic seed 6,6,4,2,price_only,8176,2044,4.460659958903172
Synthetic seed 6,6,4,2,hour_aware,8176,2044,4.449259671810934
Synthetic seed 6,6,4,3,price_only,10220,2044,4.344394982205021
Synthetic seed 6,6,4,3,hour_aware,10220,2044,4.311767847702108
Synthetic seed 6,6,6,1,price_only,6132,2044,4.165697986326325
Synthetic seed 6,6,6,1,hour_aware,6132,2044,4.149096828693515
Synthetic seed 6,6,6,2,price_only,8176,2044,4.271423880710893
Synthetic seed 6,6,6,2,hour_aware,8176,2044,4.272984321632774
Synthetic seed 6,6,6,3,price_only,10220,2044,4.1681813296065
Synthetic seed 6,6,6,3,hour_aware,10220,2044,4.142489984224509
Synthetic seed 6,6,8,1,price_only,6132,2044,4.0675454047422015
Synthetic seed 6,6,8,1,hour_aware,6132,2044,4.072225496171952
Synthetic seed 6,6,8,2,price_only,8176,2044,4.1795651213644325
Synthetic seed 6,6,8,2,hour_aware,8176,2044,4.199815413603969
Synthetic seed 6,6,8,3,price_only,10220,2044,4.084777154259752
Synthetic seed 6,6,8,3,hour_aware,10220,2044,4.0742667652157145
Synthetic seed 6,6,10,1,price_only,6132,2044,4.014833373044226
Synthetic seed 6,6,10,1,hour_aware,6132,2044,4.036185128657027
Synthetic seed 6,6,10,2,price_only,8176,2044,4.095403353423586
Synthetic seed 6,6,10,2,hour_aware,8176,2044,4.132167813758469
Synthetic seed 6,6,10,3,price_only,10220,2044,4.036228949630958
Synthetic seed 6,6,10,3,hour_aware,10220,2044,4.03601022310351
Synthetic seed 6,6,12,1,price_only,6132,2044,3.9539299717176286
Synthetic seed 6,6,12,1,hour_aware,6132,2044,4.00172743085361
Synthetic seed 6,6,12,2,price_only,8176,2044,4.035392032080743
Synthetic seed 6,6,12,2,hour_aware,8176,2044,4.094399295687347
Synthetic seed 6,6,12,3,price_only,10220,2044,3.990514005525232
Synthetic seed 6,6,12,3,hour_aware,10220,2044,4.020029937694556
Synthetic seed 6,6,16,1,price_only,6132,2044,3.8749786563831647
Synthetic seed 6,6,16,1,hour_aware,6132,2044,3.9762429292672823
Synthetic seed 6,6,16,2,price_only,8176,2044,3.958483356700727
Synthetic seed 6,6,16,2,hour_aware,8176,2044,4.052111736661206
Synthetic seed 6,6,16,3,price_only,10220,2044,3.9241287493256527
Synthetic seed 6,6,16,3,hour_aware,10220,2044,3.984709527529903
Synthetic seed 6,6,20,1,price_only,6132,2044,3.8465030100976265
Synthetic seed 6,6,20,1,hour_aware,6132,2044,3.983211867641605
Synthetic seed 6,6,20,2,price_only,8176,2044,3.9097960338392888
Synthetic seed 6,6,20,2,hour_aware,8176,2044,4.030430544449691
Synthetic seed 6,6,20,3,price_only,10220,2044,3.8972946134243864
Synthetic seed 6,6,20,3,hour_aware,10220,2044,3.9680960345445815
Synthetic seed 6,6,24,1,price_only,6132,2044,3.8591848442344197
Synthetic seed 6,6,24,1,hour_aware,6132,2044,4.023209620248876
Synthetic seed 6,6,24,2,price_only,8176,2044,3.905173137498415
Synthetic seed 6,6,24,2,hour_aware,8176,2044,4.067226922438873
Synthetic seed 6,6,24,3,price_only,10220,2044,3.8917075439252855
Synthetic seed 6,6,24,3,hour_aware,10220,2044,4.001724326050166
Synthetic seed 6,6,32,1,price_only,6132,2044,3.8526537146563684
Synthetic seed 6,6,32,1,hour_aware,6132,2044,4.08255502214359
Synthetic seed 6,6,32,2,price_only,8176,2044,3.926937364958078
Synthetic seed 6,6,32,2,hour_aware,8176,2044,4.123810851013865
Synthetic seed 6,6,32,3,price_only,10220,2044,3.8914874091766896
Synthetic seed 6,6,32,3,hour_aware,10220,2044,4.051320518861499
Synthetic seed 6,6,40,1,price_only,6132,2044,3.849724619761999
Synthetic seed 6,6,40,1,hour_aware,6132,2044,4.107192410064439
Synthetic seed 6,6,40,2,price_only,8176,2044,3.8967678953939857
Synthetic seed 6,6,40,2,hour_aware,8176,2044,4.1422905983196
Synthetic seed 6,6,40,3,price_only,10220,2044,3.8781247751858428
Synthetic seed 6,6,40,3,hour_aware,10220,2044,4.060152547545917
Synthetic seed 6,6,48,1,price_only,6132,2044,3.854825025266037
Synthetic seed 6,6,48,1,hour_aware,6132,2044,4.154847428442922
Synthetic seed 6,6,48,2,price_only,8176,2044,3.9034435209162917
Synthetic seed 6,6,48,2,hour_aware,8176,2044,4.185442643370865
Synthetic seed 6,6,48,3,price_only,10220,2044,3.896252734456045
Synthetic seed 6,6,48,3,hour_aware,10220,2044,4.134644283094841
Synthetic seed 7,7,4,1,price_only,6132,2044,4.328167423551909
Synthetic seed 7,7,4,1,hour_aware,6132,2044,4.314398685580884
Synthetic seed 7,7,4,2,price_only,8176,2044,4.408538888363875
Synthetic seed 7,7,4,2,hour_aware,8176,2044,4.384362775223929
Synthetic seed 7,7,4,3,price_only,10220,2044,4.333493574244982
Synthetic seed 7,7,4,3,hour_aware,10220,2044,4.29173589997448
Synthetic seed 7,7,6,1,price_only,6132,2044,4.203368604394451
Synthetic seed 7,7,6,1,hour_aware,6132,2044,4.208542707456721
Synthetic seed 7,7,6,2,price_only,8176,2044,4.285099080272827
Synthetic seed 7,7,6,2,hour_aware,8176,2044,4.263932922011308
Synthetic seed 7,7,6,3,price_only,10220,2044,4.183792391079206
Synthetic seed 7,7,6,3,hour_aware,10220,2044,4.146524697890917
Synthetic seed 7,7,8,1,price_only,6132,2044,4.118902292746692
Synthetic seed 7,7,8,1,hour_aware,6132,2044,4.153970621471887
Synthetic seed 7,7,8,2,price_only,8176,2044,4.208455802933807
Synthetic seed 7,7,8,2,hour_aware,8176,2044,4.215990346009302
Synthetic seed 7,7,8,3,price_only,10220,2044,4.0747573597281574
Synthetic seed 7,7,8,3,hour_aware,10220,2044,4.051179745387525
Synthetic seed 7,7,10,1,price_only,6132,2044,4.089086604605542
Synthetic seed 7,7,10,1,hour_aware,6132,2044,4.150544691517024
Synthetic seed 7,7,10,2,price_only,8176,2044,4.130874182144232
Synthetic seed 7,7,10,2,hour_aware,8176,2044,4.151116113897235
Synthetic seed 7,7,10,3,price_only,10220,2044,4.027751652160889
Synthetic seed 7,7,10,3,hour_aware,10220,2044,4.025607998635808
Synthetic seed 7,7,12,1,price_only,6132,2044,4.036617014997381
Synthetic seed 7,7,12,1,hour_aware,6132,2044,4.122523898878184
Synthetic seed 7,7,12,2,price_only,8176,2044,4.072965790598557
Synthetic seed 7,7,12,2,hour_aware,8176,2044,4.111072273714433
Synthetic seed 7,7,12,3,price_only,10220,2044,4.0096200355809115
Synthetic seed 7,7,12,3,hour_aware,10220,2044,4.027525212037345
Synthetic seed 7,7,16,1,price_only,6132,2044,3.96994135405744
Synthetic seed 7,7,16,1,hour_aware,6132,2044,4.109997969008202
Synthetic seed 7,7,16,2,price_only,8176,2044,3.9869306693623683
Synthetic seed 7,7,16,2,hour_aware,8176,2044,4.068983351753643
Synthetic seed 7,7,16,3,price_only,10220,2044,3.9444760137376385
Synthetic seed 7,7,16,3,hour_aware,10220,2044,3.995956133049844
Synthetic seed 7,7,20,1,price_only,6132,2044,3.910049914499882
Synthetic seed 7,7,20,1,hour_aware,6132,2044,4.078187706719671
Synthetic seed 7,7,20,2,price_only,8176,2044,3.9348557957523735
Synthetic seed 7,7,20,2,hour_aware,8176,2044,4.04771191677519
Synthetic seed 7,7,20,3,price_only,10220,2044,3.906658960405588
Synthetic seed 7,7,20,3,hour_aware,10220,2044,3.995244956546851
Synthetic seed 7,7,24,1,price_only,6132,2044,3.861954543918099
Synthetic seed 7,7,24,1,hour_aware,6132,2044,4.084537570125198
Synthetic seed 7,7,24,2,price_only,8176,2044,3.9027366226327116
Synthetic seed 7,7,24,2,hour_aware,8176,2044,4.0518949415800884
Synthetic seed 7,7,24,3,price_only,10220,2044,3.891428703834209
Synthetic seed 7,7,24,3,hour_aware,10220,2044,3.9902086986537526
Synthetic seed 7,7,32,1,price_only,6132,2044,3.882841617478414
Synthetic seed 7,7,32,1,hour_aware,6132,2044,4.144026517265734
Synthetic seed 7,7,32,2,price_only,8176,2044,3.8770684207661636
Synthetic seed 7,7,32,2,hour_aware,8176,2044,4.07813711283079
Synthetic seed 7,7,32,3,price_only,10220,2044,3.8934566947967455
Synthetic seed 7,7,32,3,hour_aware,10220,2044,4.046053298798763
Synthetic seed 7,7,40,1,price_only,6132,2044,3.880107210903537
Synthetic seed 7,7,40,1,hour_aware,6132,2044,4.185907002191059
Synthetic seed 7,7,40,2,price_only,8176,2044,3.881857713608011
Synthetic seed 7,7,40,2,hour_aware,8176,2044,4.130685999675929
Synthetic seed 7,7,40,3,price_only,10220,2044,3.892809447417858
Synthetic seed 7,7,40,3,hour_aware,10220,2044,4.078685396378119
Synthetic seed 7,7,48,1,price_only,6132,2044,3.8819453366891383
Synthetic seed 7,7,48,1,hour_aware,6132,2044,4.205925724182166
Synthetic seed 7,7,48,2,price_only,8176,2044,3.8807209478264215
Synthetic seed 7,7,48,2,hour_aware,8176,2044,4.15339908861272
Synthetic seed 7,7,48,3,price_only,10220,2044,3.8923641208227364
Synthetic seed 7,7,48,3,hour_aware,10220,2044,4.108042455952409
Synthetic seed 8,8,4,1,price_only,6132,2044,4.390061703134984
Synthetic seed 8,8,4,1,hour_aware,6132,2044,4.362829953274143
Synthetic seed 8,8,4,2,price_only,8176,2044,4.408493124692108
Synthetic seed 8,8,4,2,hour_aware,8176,2044,4.391942047921986
Synthetic seed 8,8,4,3,price_only,10220,2044,4.320125082190843
Synthetic seed 8,8,4,3,hour_aware,10220,2044,4.273993021780423
Synthetic seed 8,8,6,1,price_only,6132,2044,4.226179721888291
Synthetic seed 8,8,6,1,hour_aware,6132,2044,4.211970144610737
Synthetic seed 8,8,6,2,price_only,8176,2044,4.251055358223669
Synthetic seed 8,8,6,2,hour_aware,8176,2044,4.240975127710331
Synthetic seed 8,8,6,3,price_only,10220,2044,4.188619238706453
Synthetic seed 8,8,6,3,hour_aware,10220,2044,4.143176631851547
Synthetic seed 8,8,8,1,price_only,6132,2044,4.105870857360011
Synthetic seed 8,8,8,1,hour_aware,6132,2044,4.111860856340555
Synthetic seed 8,8,8,2,price_only,8176,2044,4.151756291253311
Synthetic seed 8,8,8,2,hour_aware,8176,2044,4.164179291999876
Synthetic seed 8,8,8,3,price_only,10220,2044,4.098326534511525
Synthetic seed 8,8,8,3,hour_aware,10220,2044,4.062350795955169
Synthetic seed 8,8,10,1,price_only,6132,2044,4.043839190483821
Synthetic seed 8,8,10,1,hour_aware,6132,2044,4.074363124770803
Synthetic seed 8,8,10,2,price_only,8176,2044,4.093885818027601
Synthetic seed 8,8,10,2,hour_aware,8176,2044,4.127533563503971
Synthetic seed 8,8,10,3,price_only,10220,2044,4.041038641937128
Synthetic seed 8,8,10,3,hour_aware,10220,2044,4.0152201866875865
Synthetic seed 8,8,12,1,price_only,6132,2044,3.9682568529545557
Synthetic seed 8,8,12,1,hour_aware,6132,2044,4.027062116614654
Synthetic seed 8,8,12,2,price_only,8176,2044,4.051803282327744
Synthetic seed 8,8,12,2,hour_aware,8176,2044,4.107895031656906
Synthetic seed 8,8,12,3,price_only,10220,2044,3.9709848791415783
Synthetic seed 8,8,12,3,hour_aware,10220,2044,3.9564760149981755
Synthetic seed 8,8,16,1,price_only,6132,2044,3.8888309039093034
Synthetic seed 8,8,16,1,hour_aware,6132,2044,3.994639366540998
Synthetic seed 8,8,16,2,price_only,8176,2044,3.9731298068358827
Synthetic seed 8,8,16,2,hour_aware,8176,2044,4.065740938779599
Synthetic seed 8,8,16,3,price_only,10220,2044,3.913876111187193
Synthetic seed 8,8,16,3,hour_aware,10220,2044,3.9380538929382785
Synthetic seed 8,8,20,1,price_only,6132,2044,3.878204316636487
Synthetic seed 8,8,20,1,hour_aware,6132,2044,4.031189050853984
Synthetic seed 8,8,20,2,price_only,8176,2044,3.9167943139311627
Synthetic seed 8,8,20,2,hour_aware,8176,2044,4.05163863072087
Synthetic seed 8,8,20,3,price_only,10220,2044,3.904063365768539
Synthetic seed 8,8,20,3,hour_aware,10220,2044,3.96197904927617
Synthetic seed 8,8,24,1,price_only,6132,2044,3.8833077684432835
Synthetic seed 8,8,24,1,hour_aware,6132,2044,4.066416426049307
Synthetic seed 8,8,24,2,price_only,8176,2044,3.920028403382026
Synthetic seed 8,8,24,2,hour_aware,8176,2044,4.067164042792374
Synthetic seed 8,8,24,3,price_only,10220,2044,3.8856997959934745
Synthetic seed 8,8,24,3,hour_aware,10220,2044,3.967388884052546
Synthetic seed 8,8,32,1,price_only,6132,2044,3.860167501099194
Synthetic seed 8,8,32,1,hour_aware,6132,2044,4.09950411818091
Synthetic seed 8,8,32,2,price_only,8176,2044,3.9413109667943935
Synthetic seed 8,8,32,2,hour_aware,8176,2044,4.143940146702454
Synthetic seed 8,8,32,3,price_only,10220,2044,3.866792292583
Synthetic seed 8,8,32,3,hour_aware,10220,2044,4.007650617696981
Synthetic seed 8,8,40,1,price_only,6132,2044,3.8539275991450537
Synthetic seed 8,8,40,1,hour_aware,6132,2044,4.131631125908389
Synthetic seed 8,8,40,2,price_only,8176,2044,3.9146780643000194
Synthetic seed 8,8,40,2,hour_aware,8176,2044,4.162729659753919
Synthetic seed 8,8,40,3,price_only,10220,2044,3.8648478087092313
Synthetic seed 8,8,40,3,hour_aware,10220,2044,4.048961759098405
Synthetic seed 8,8,48,1,price_only,6132,2044,3.8512568294728085
Synthetic seed 8,8,48,1,hour_aware,6132,2044,4.181134610143286
Synthetic seed 8,8,48,2,price_only,8176,2044,3.923195057648041
Synthetic seed 8,8,48,2,hour_aware,8176,2044,4.181873301403613
Synthetic seed 8,8,48,3,price_only,10220,2044,3.862554738046549
Synthetic seed 8,8,48,3,hour_aware,10220,2044,4.069188933216581
Synthetic seed 9,9,4,1,price_only,6132,2044,4.311749353963821
Synthetic seed 9,9,4,1,hour_aware,6132,2044,4.285556607930171
Synthetic seed 9,9,4,2,price_only,8176,2044,4.43742422033366
Synthetic seed 9,9,4,2,hour_aware,8176,2044,4.419457764741182
Synthetic seed 9,9,4,3,price_only,10220,2044,4.28233145639946
Synthetic seed 9,9,4,3,hour_aware,10220,2044,4.232010796545555
Synthetic seed 9,9,6,1,price_only,6132,2044,4.167134489290752
Synthetic seed 9,9,6,1,hour_aware,6132,2044,4.151804535017473
Synthetic seed 9,9,6,2,price_only,8176,2044,4.291028740708931
Synthetic seed 9,9,6,2,hour_aware,8176,2044,4.283524793072084
Synthetic seed 9,9,6,3,price_only,10220,2044,4.155439678459078
Synthetic seed 9,9,6,3,hour_aware,10220,2044,4.104467118493567
Synthetic seed 9,9,8,1,price_only,6132,2044,4.079995497631406
Synthetic seed 9,9,8,1,hour_aware,6132,2044,4.087035199627057
Synthetic seed 9,9,8,2,price_only,8176,2044,4.22079889964767
Synthetic seed 9,9,8,2,hour_aware,8176,2044,4.225498897528375
Synthetic seed 9,9,8,3,price_only,10220,2044,4.068678292986183
Synthetic seed 9,9,8,3,hour_aware,10220,2044,4.0297450879904
Synthetic seed 9,9,10,1,price_only,6132,2044,4.040391899677066
Synthetic seed 9,9,10,1,hour_aware,6132,2044,4.069888517159941
Synthetic seed 9,9,10,2,price_only,8176,2044,4.1653855117332865
Synthetic seed 9,9,10,2,hour_aware,8176,2044,4.193796871220763
Synthetic seed 9,9,10,3,price_only,10220,2044,4.028671912061166
Synthetic seed 9,9,10,3,hour_aware,10220,2044,4.009118402274685
Synthetic seed 9,9,12,1,price_only,6132,2044,3.978146036646535
Synthetic seed 9,9,12,1,hour_aware,6132,2044,4.03732628028719
Synthetic seed 9,9,12,2,price_only,8176,2044,4.133276331919578
Synthetic seed 9,9,12,2,hour_aware,8176,2044,4.189797706338633
Synthetic seed 9,9,12,3,price_only,10220,2044,3.989933039964412
Synthetic seed 9,9,12,3,hour_aware,10220,2044,3.984339991949242
Synthetic seed 9,9,16,1,price_only,6132,2044,3.8893074389925406
Synthetic seed 9,9,16,1,hour_aware,6132,2044,3.9863506349156768
Synthetic seed 9,9,16,2,price_only,8176,2044,4.037639529334344
Synthetic seed 9,9,16,2,hour_aware,8176,2044,4.133369998920429
Synthetic seed 9,9,16,3,price_only,10220,2044,3.9283193269308656
Synthetic seed 9,9,16,3,hour_aware,10220,2044,3.958736129601755
Synthetic seed 9,9,20,1,price_only,6132,2044,3.870834888434562
Synthetic seed 9,9,20,1,hour_aware,6132,2044,4.008238150499753
Synthetic seed 9,9,20,2,price_only,8176,2044,3.9830577534889455
Synthetic seed 9,9,20,2,hour_aware,8176,2044,4.113139289673881
Synthetic seed 9,9,20,3,price_only,10220,2044,3.8851365043462005
Synthetic seed 9,9,20,3,hour_aware,10220,2044,3.957034355460223
Synthetic seed 9,9,24,1,price_only,6132,2044,3.8441806094183657
Synthetic seed 9,9,24,1,hour_aware,6132,2044,4.0141162885370765
Synthetic seed 9,9,24,2,price_only,8176,2044,3.9592196790790033
Synthetic seed 9,9,24,2,hour_aware,8176,2044,4.113545766491139
Synthetic seed 9,9,24,3,price_only,10220,2044,3.870367783396806
Synthetic seed 9,9,24,3,hour_aware,10220,2044,3.9497369533308926
Synthetic seed 9,9,32,1,price_only,6132,2044,3.831481016445519
Synthetic seed 9,9,32,1,hour_aware,6132,2044,4.056290874462811
Synthetic seed 9,9,32,2,price_only,8176,2044,3.9305357241484584
Synthetic seed 9,9,32,2,hour_aware,8176,2044,4.139121327116663
Synthetic seed 9,9,32,3,price_only,10220,2044,3.8722154056889675
Synthetic seed 9,9,32,3,hour_aware,10220,2044,3.9967865253276207
Synthetic seed 9,9,40,1,price_only,6132,2044,3.840867014073616
Synthetic seed 9,9,40,1,hour_aware,6132,2044,4.10714692189442
Synthetic seed 9,9,40,2,price_only,8176,2044,3.9374439363455176
Synthetic seed 9,9,40,2,hour_aware,8176,2044,4.186993313648162
Synthetic seed 9,9,40,3,price_only,10220,2044,3.8701200324914424
Synthetic seed 9,9,40,3,hour_aware,10220,2044,4.044942310407718
Synthetic seed 9,9,48,1,price_only,6132,2044,3.8471308722538575
Synthetic seed 9,9,48,1,hour_aware,6132,2044,4.156199545344955
Synthetic seed 9,9,48,2,price_only,8176,2044,3.9563266630375593
Synthetic seed 9,9,48,2,hour_aware,8176,2044,4.242954740002195
Synthetic seed 9,9,48,3,price_only,10220,2044,3.865123063052874
Synthetic seed 9,9,48,3,hour_aware,10220,2044,4.063945026447702
Synthetic seed 10,10,4,1,price_only,6132,2044,4.334713080940569
Synthetic seed 10,10,4,1,hour_aware,6132,2044,4.3090827295380505
Synthetic seed 10,10,4,2,price_only,8176,2044,4.4251588674767115
Synthetic seed 10,10,4,2,hour_aware,8176,2044,4.396657743251858
Synthetic seed 10,10,4,3,price_only,10220,2044,4.353692150505365
Synthetic seed 10,10,4,3,hour_aware,10220,2044,4.30327488216952
Synthetic seed 10,10,6,1,price_only,6132,2044,4.197289306038589
Synthetic seed 10,10,6,1,hour_aware,6132,2044,4.186102407668048
Synthetic seed 10,10,6,2,price_only,8176,2044,4.2808926716554545
Synthetic seed 10,10,6,2,hour_aware,8176,2044,4.269207280019777
Synthetic seed 10,10,6,3,price_only,10220,2044,4.201144244154606
Synthetic seed 10,10,6,3,hour_aware,10220,2044,4.153332978669122
Synthetic seed 10,10,8,1,price_only,6132,2044,4.089774038781066
Synthetic seed 10,10,8,1,hour_aware,6132,2044,4.099289239932256
Synthetic seed 10,10,8,2,price_only,8176,2044,4.204657597220199
Synthetic seed 10,10,8,2,hour_aware,8176,2044,4.210903883782982
Synthetic seed 10,10,8,3,price_only,10220,2044,4.10776682832909
Synthetic seed 10,10,8,3,hour_aware,10220,2044,4.069328310834054
Synthetic seed 10,10,10,1,price_only,6132,2044,4.010741827396268
Synthetic seed 10,10,10,1,hour_aware,6132,2044,4.038246323680082
Synthetic seed 10,10,10,2,price_only,8176,2044,4.150803179769702
Synthetic seed 10,10,10,2,hour_aware,8176,2044,4.161445810500756
Synthetic seed 10,10,10,3,price_only,10220,2044,4.036374398674146
Synthetic seed 10,10,10,3,hour_aware,10220,2044,4.017310156222428
Synthetic seed 10,10,12,1,price_only,6132,2044,3.95955380001872
Synthetic seed 10,10,12,1,hour_aware,6132,2044,4.016266169962633
Synthetic seed 10,10,12,2,price_only,8176,2044,4.067288648216796
Synthetic seed 10,10,12,2,hour_aware,8176,2044,4.118239011489526
Synthetic seed 10,10,12,3,price_only,10220,2044,4.001405186149762
Synthetic seed 10,10,12,3,hour_aware,10220,2044,3.9923850906105125
Synthetic seed 10,10,16,1,price_only,6132,2044,3.8907062786169417
Synthetic seed 10,10,16,1,hour_aware,6132,2044,3.9785423997595077
Synthetic seed 10,10,16,2,price_only,8176,2044,3.965557361661444
Synthetic seed 10,10,16,2,hour_aware,8176,2044,4.048197470847404
Synthetic seed 10,10,16,3,price_only,10220,2044,3.964655621140285
Synthetic seed 10,10,16,3,hour_aware,10220,2044,4.003433390016886
Synthetic seed 10,10,20,1,price_only,6132,2044,3.8579699642476646
Synthetic seed 10,10,20,1,hour_aware,6132,2044,3.996457816535876
Synthetic seed 10,10,20,2,price_only,8176,2044,3.912071254813529
Synthetic seed 10,10,20,2,hour_aware,8176,2044,4.0280834768921165
Synthetic seed 10,10,20,3,price_only,10220,2044,3.9331292539052254
Synthetic seed 10,10,20,3,hour_aware,10220,2044,3.99148042600001
Synthetic seed 10,10,24,1,price_only,6132,2044,3.852118269754584
Synthetic seed 10,10,24,1,hour_aware,6132,2044,4.002115935146042
Synthetic seed 10,10,24,2,price_only,8176,2044,3.883361216248507
Synthetic seed 10,10,24,2,hour_aware,8176,2044,4.0388290566217675
Synthetic seed 10,10,24,3,price_only,10220,2044,3.9035824260456504
Synthetic seed 10,10,24,3,hour_aware,10220,2044,3.9865121118634983
Synthetic seed 10,10,32,1,price_only,6132,2044,3.8735520467405817
Synthetic seed 10,10,32,1,hour_aware,6132,2044,4.081535444354715
Synthetic seed 10,10,32,2,price_only,8176,2044,3.903050380498589
Synthetic seed 10,10,32,2,hour_aware,8176,2044,4.118623023847691
Synthetic seed 10,10,32,3,price_only,10220,2044,3.905763505286738
Synthetic seed 10,10,32,3,hour_aware,10220,2044,4.020284393338447
Synthetic seed 10,10,40,1,price_only,6132,2044,3.836683649350763
Synthetic seed 10,10,40,1,hour_aware,6132,2044,4.089329616907916
Synthetic seed 10,10,40,2,price_only,8176,2044,3.892169261119002
Synthetic seed 10,10,40,2,hour_aware,8176,2044,4.1451219082482424
Synthetic seed 10,10,40,3,price_only,10220,2044,3.899585536587145
Synthetic seed 10,10,40,3,hour_aware,10220,2044,4.059153343926228
Synthetic seed 10,10,48,1,price_only,6132,2044,3.859280349031905
Synthetic seed 10,10,48,1,hour_aware,6132,2044,4.1430221215308185
Synthetic seed 10,10,48,2,price_only,8176,2044,3.8703226235817563
Synthetic seed 10,10,48,2,hour_aware,8176,2044,4.162365596913004
Synthetic seed 10,10,48,3,price_only,10220,2044,3.8844307073460547
Synthetic seed 10,10,48,3,hour_aware,10220,2044,4.075428053356143
Synthetic seed 11,11,4,1,price_only,6132,2044,4.4479676444039065
Synthetic seed 11,11,4,1,hour_aware,6132,2044,4.41611069723613
Synthetic seed 11,11,4,2,price_only,8176,2044,4.3887159021249795
Synthetic seed 11,11,4,2,hour_aware,8176,2044,4.347395788241331
Synthetic seed 11,11,4,3,price_only,10220,2044,4.327696828517051
Synthetic seed 11,11,4,3,hour_aware,10220,2044,4.284213299309722
Synthetic seed 11,11,6,1,price_only,6132,2044,4.269115597921191
Synthetic seed 11,11,6,1,hour_aware,6132,2044,4.252976924154539
Synthetic seed 11,11,6,2,price_only,8176,2044,4.25929761297934
Synthetic seed 11,11,6,2,hour_aware,8176,2044,4.2182360011816415
Synthetic seed 11,11,6,3,price_only,10220,2044,4.168805406572341
Synthetic seed 11,11,6,3,hour_aware,10220,2044,4.124480102030217
Synthetic seed 11,11,8,1,price_only,6132,2044,4.1816223781178286
Synthetic seed 11,11,8,1,hour_aware,6132,2044,4.1777872594815
Synthetic seed 11,11,8,2,price_only,8176,2044,4.137268008670536
Synthetic seed 11,11,8,2,hour_aware,8176,2044,4.1179247594226
Synthetic seed 11,11,8,3,price_only,10220,2044,4.076070065796236
Synthetic seed 11,11,8,3,hour_aware,10220,2044,4.041723475619062
Synthetic seed 11,11,10,1,price_only,6132,2044,4.101428367745861
Synthetic seed 11,11,10,1,hour_aware,6132,2044,4.128110730777555
Synthetic seed 11,11,10,2,price_only,8176,2044,4.06672496532761
Synthetic seed 11,11,10,2,hour_aware,8176,2044,4.068628186587183
Synthetic seed 11,11,10,3,price_only,10220,2044,4.008288300910945
Synthetic seed 11,11,10,3,hour_aware,10220,2044,3.9901297914849767
Synthetic seed 11,11,12,1,price_only,6132,2044,4.062131550688881
Synthetic seed 11,11,12,1,hour_aware,6132,2044,4.118043041018673
Synthetic seed 11,11,12,2,price_only,8176,2044,4.0293750184342665
Synthetic seed 11,11,12,2,hour_aware,8176,2044,4.037194091745621
Synthetic seed 11,11,12,3,price_only,10220,2044,3.9757440840545875
Synthetic seed 11,11,12,3,hour_aware,10220,2044,3.9777260739947273
Synthetic seed 11,11,16,1,price_only,6132,2044,3.983003328070073
Synthetic seed 11,11,16,1,hour_aware,6132,2044,4.09435393654768
Synthetic seed 11,11,16,2,price_only,8176,2044,3.9560065142955647
Synthetic seed 11,11,16,2,hour_aware,8176,2044,3.9980055308160276
Synthetic seed 11,11,16,3,price_only,10220,2044,3.926875820021107
Synthetic seed 11,11,16,3,hour_aware,10220,2044,3.9503077642558897
Synthetic seed 11,11,20,1,price_only,6132,2044,3.9598905087897216
Synthetic seed 11,11,20,1,hour_aware,6132,2044,4.095726512365486
Synthetic seed 11,11,20,2,price_only,8176,2044,3.904986674457449
Synthetic seed 11,11,20,2,hour_aware,8176,2044,3.99282491453328
Synthetic seed 11,11,20,3,price_only,10220,2044,3.887700504005434
Synthetic seed 11,11,20,3,hour_aware,10220,2044,3.93444341240123
Synthetic seed 11,11,24,1,price_only,6132,2044,3.9367728499049
Synthetic seed 11,11,24,1,hour_aware,6132,2044,4.119884670672102
Synthetic seed 11,11,24,2,price_only,8176,2044,3.8906446063764264
Synthetic seed 11,11,24,2,hour_aware,8176,2044,3.999323154909797
Synthetic seed 11,11,24,3,price_only,10220,2044,3.88852696549676
Synthetic seed 11,11,24,3,hour_aware,10220,2044,3.9675712693923892
Synthetic seed 11,11,32,1,price_only,6132,2044,3.94645258760338
Synthetic seed 11,11,32,1,hour_aware,6132,2044,4.18259696278043
Synthetic seed 11,11,32,2,price_only,8176,2044,3.9153982685848985
Synthetic seed 11,11,32,2,hour_aware,8176,2044,4.077133570512297
Synthetic seed 11,11,32,3,price_only,10220,2044,3.89639376224478
Synthetic seed 11,11,32,3,hour_aware,10220,2044,4.013621407224426
Synthetic seed 11,11,40,1,price_only,6132,2044,3.9422103004044717
Synthetic seed 11,11,40,1,hour_aware,6132,2044,4.217115350910595
Synthetic seed 11,11,40,2,price_only,8176,2044,3.891501623160842
Synthetic seed 11,11,40,2,hour_aware,8176,2044,4.100752314484264
Synthetic seed 11,11,40,3,price_only,10220,2044,3.8764231627897425
Synthetic seed 11,11,40,3,hour_aware,10220,2044,4.038894168821724
Synthetic seed 11,11,48,1,price_only,6132,2044,3.937349123611265
Synthetic seed 11,11,48,1,hour_aware,6132,2044,4.256360212455632
Synthetic seed 11,11,48,2,price_only,8176,2044,3.899681855097823
Synthetic seed 11,11,48,2,hour_aware,8176,2044,4.136735948241967
Synthetic seed 11,11,48,3,price_only,10220,2044,3.889241739621315
Synthetic seed 11,11,48,3,hour_aware,10220,2044,4.097003111870589
Synthetic seed 12,12,4,1,price_only,6132,2044,4.403804781594374
Synthetic seed 12,12,4,1,hour_aware,6132,2044,4.387685222725047
Synthetic seed 12,12,4,2,price_only,8176,2044,4.4437075592572555
Synthetic seed 12,12,4,2,hour_aware,8176,2044,4.422757356930335
Synthetic seed 12,12,4,3,price_only,10220,2044,4.376292778839015
Synthetic seed 12,12,4,3,hour_aware,10220,2044,4.334113150332228
Synthetic seed 12,12,6,1,price_only,6132,2044,4.224085055173341
Synthetic seed 12,12,6,1,hour_aware,6132,2044,4.226201107369237
Synthetic seed 12,12,6,2,price_only,8176,2044,4.26621406481874
Synthetic seed 12,12,6,2,hour_aware,8176,2044,4.258543047615975
Synthetic seed 12,12,6,3,price_only,10220,2044,4.219845497785168
Synthetic seed 12,12,6,3,hour_aware,10220,2044,4.179224536916034
Synthetic seed 12,12,8,1,price_only,6132,2044,4.139138813575214
Synthetic seed 12,12,8,1,hour_aware,6132,2044,4.160639821309156
Synthetic seed 12,12,8,2,price_only,8176,2044,4.150216688708513
Synthetic seed 12,12,8,2,hour_aware,8176,2044,4.156317236665984
Synthetic seed 12,12,8,3,price_only,10220,2044,4.146137199681062
Synthetic seed 12,12,8,3,hour_aware,10220,2044,4.114723374312396
Synthetic seed 12,12,10,1,price_only,6132,2044,4.061551305544549
Synthetic seed 12,12,10,1,hour_aware,6132,2044,4.108533910602216
Synthetic seed 12,12,10,2,price_only,8176,2044,4.096946958277616
Synthetic seed 12,12,10,2,hour_aware,8176,2044,4.107363729830488
Synthetic seed 12,12,10,3,price_only,10220,2044,4.089155816193188
Synthetic seed 12,12,10,3,hour_aware,10220,2044,4.071393727470918
Synthetic seed 12,12,12,1,price_only,6132,2044,4.000730955305209
Synthetic seed 12,12,12,1,hour_aware,6132,2044,4.068327829588626
Synthetic seed 12,12,12,2,price_only,8176,2044,4.043766862106091
Synthetic seed 12,12,12,2,hour_aware,8176,2044,4.086394600070711
Synthetic seed 12,12,12,3,price_only,10220,2044,4.043014516928027
Synthetic seed 12,12,12,3,hour_aware,10220,2044,4.038171726963071
Synthetic seed 12,12,16,1,price_only,6132,2044,3.930794089543846
Synthetic seed 12,12,16,1,hour_aware,6132,2044,4.042905570013115
Synthetic seed 12,12,16,2,price_only,8176,2044,3.9425442109574607
Synthetic seed 12,12,16,2,hour_aware,8176,2044,4.0247604351719035
Synthetic seed 12,12,16,3,price_only,10220,2044,3.972758908776679
Synthetic seed 12,12,16,3,hour_aware,10220,2044,4.008883708228209
Synthetic seed 12,12,20,1,price_only,6132,2044,3.9131694662654444
Synthetic seed 12,12,20,1,hour_aware,6132,2044,4.072298697737214
Synthetic seed 12,12,20,2,price_only,8176,2044,3.8982760626892548
Synthetic seed 12,12,20,2,hour_aware,8176,2044,4.002304519394037
Synthetic seed 12,12,20,3,price_only,10220,2044,3.9438141821967756
Synthetic seed 12,12,20,3,hour_aware,10220,2044,3.996591475285706
Synthetic seed 12,12,24,1,price_only,6132,2044,3.9211455688152625
Synthetic seed 12,12,24,1,hour_aware,6132,2044,4.103693072543359
Synthetic seed 12,12,24,2,price_only,8176,2044,3.926402180262947
Synthetic seed 12,12,24,2,hour_aware,8176,2044,4.06407598759184
Synthetic seed 12,12,24,3,price_only,10220,2044,3.9494606864988397
Synthetic seed 12,12,24,3,hour_aware,10220,2044,4.024848896426192
Synthetic seed 12,12,32,1,price_only,6132,2044,3.9022267783067357
Synthetic seed 12,12,32,1,hour_aware,6132,2044,4.1350635095066695
Synthetic seed 12,12,32,2,price_only,8176,2044,3.917340032173847
Synthetic seed 12,12,32,2,hour_aware,8176,2044,4.1101293907478285
Synthetic seed 12,12,32,3,price_only,10220,2044,3.9332643662204636
Synthetic seed 12,12,32,3,hour_aware,10220,2044,4.053473108787276
Synthetic seed 12,12,40,1,price_only,6132,2044,3.890526385339077
Synthetic seed 12,12,40,1,hour_aware,6132,2044,4.177040939249059
Synthetic seed 12,12,40,2,price_only,8176,2044,3.893661881329053
Synthetic seed 12,12,40,2,hour_aware,8176,2044,4.119675081679308
Synthetic seed 12,12,40,3,price_only,10220,2044,3.91411558148493
Synthetic seed 12,12,40,3,hour_aware,10220,2044,4.074723596241937
Synthetic seed 12,12,48,1,price_only,6132,2044,3.9104883875950196
Synthetic seed 12,12,48,1,hour_aware,6132,2044,4.227416554982684
Synthetic seed 12,12,48,2,price_only,8176,2044,3.9107466879201755
Synthetic seed 12,12,48,2,hour_aware,8176,2044,4.187466545295625
Synthetic seed 12,12,48,3,price_only,10220,2044,3.917995689085566
Synthetic seed 12,12,48,3,hour_aware,10220,2044,4.120327580078077
Synthetic seed 13,13,4,1,price_only,6132,2044,4.35870205701735
Synthetic seed 13,13,4,1,hour_aware,6132,2044,4.339511728216816
Synthetic seed 13,13,4,2,price_only,8176,2044,4.35969961045578
Synthetic seed 13,13,4,2,hour_aware,8176,2044,4.3439343515730915
Synthetic seed 13,13,4,3,price_only,10220,2044,4.316726019995855
Synthetic seed 13,13,4,3,hour_aware,10220,2044,4.27465419220832
Synthetic seed 13,13,6,1,price_only,6132,2044,4.18900651830534
Synthetic seed 13,13,6,1,hour_aware,6132,2044,4.18992252545793
Synthetic seed 13,13,6,2,price_only,8176,2044,4.231329585581859
Synthetic seed 13,13,6,2,hour_aware,8176,2044,4.236794525351241
Synthetic seed 13,13,6,3,price_only,10220,2044,4.156730926796234
Synthetic seed 13,13,6,3,hour_aware,10220,2044,4.1136135133212575
Synthetic seed 13,13,8,1,price_only,6132,2044,4.073973226212956
Synthetic seed 13,13,8,1,hour_aware,6132,2044,4.098931891160484
Synthetic seed 13,13,8,2,price_only,8176,2044,4.107498658546849
Synthetic seed 13,13,8,2,hour_aware,8176,2044,4.136717428523596
Synthetic seed 13,13,8,3,price_only,10220,2044,4.0780362556070155
Synthetic seed 13,13,8,3,hour_aware,10220,2044,4.0479120677973235
Synthetic seed 13,13,10,1,price_only,6132,2044,3.987631307123064
Synthetic seed 13,13,10,1,hour_aware,6132,2044,4.034054442588742
Synthetic seed 13,13,10,2,price_only,8176,2044,4.068369451819461
Synthetic seed 13,13,10,2,hour_aware,8176,2044,4.11854750301892
Synthetic seed 13,13,10,3,price_only,10220,2044,4.05238140568416
Synthetic seed 13,13,10,3,hour_aware,10220,2044,4.040864104977451
Synthetic seed 13,13,12,1,price_only,6132,2044,3.9460709954681823
Synthetic seed 13,13,12,1,hour_aware,6132,2044,4.020081906826712
Synthetic seed 13,13,12,2,price_only,8176,2044,4.00896272770714
Synthetic seed 13,13,12,2,hour_aware,8176,2044,4.078381570712919
Synthetic seed 13,13,12,3,price_only,10220,2044,3.9987193390657425
Synthetic seed 13,13,12,3,hour_aware,10220,2044,4.00852635144423
Synthetic seed 13,13,16,1,price_only,6132,2044,3.8989446489323445
Synthetic seed 13,13,16,1,hour_aware,6132,2044,3.9990901252448072
Synthetic seed 13,13,16,2,price_only,8176,2044,3.874710250756609
Synthetic seed 13,13,16,2,hour_aware,8176,2044,3.984567977139003
Synthetic seed 13,13,16,3,price_only,10220,2044,3.962985381196751
Synthetic seed 13,13,16,3,hour_aware,10220,2044,4.0090685147988525
Synthetic seed 13,13,20,1,price_only,6132,2044,3.8984122299423127
Synthetic seed 13,13,20,1,hour_aware,6132,2044,4.04567569903595
Synthetic seed 13,13,20,2,price_only,8176,2044,3.8538987764875468
Synthetic seed 13,13,20,2,hour_aware,8176,2044,4.007927804212584
Synthetic seed 13,13,20,3,price_only,10220,2044,3.96100092683622
Synthetic seed 13,13,20,3,hour_aware,10220,2044,4.024764516089301
Synthetic seed 13,13,24,1,price_only,6132,2044,3.8887936659217033
Synthetic seed 13,13,24,1,hour_aware,6132,2044,4.071946583364013
Synthetic seed 13,13,24,2,price_only,8176,2044,3.9035109467316724
Synthetic seed 13,13,24,2,hour_aware,8176,2044,4.0861564848378675
Synthetic seed 13,13,24,3,price_only,10220,2044,3.928121079297401
Synthetic seed 13,13,24,3,hour_aware,10220,2044,4.026131103698658
Synthetic seed 13,13,32,1,price_only,6132,2044,3.869372691476444
Synthetic seed 13,13,32,1,hour_aware,6132,2044,4.083294350133725
Synthetic seed 13,13,32,2,price_only,8176,2044,3.830600033321836
Synthetic seed 13,13,32,2,hour_aware,8176,2044,4.079832189093929
Synthetic seed 13,13,32,3,price_only,10220,2044,3.89661933982342
Synthetic seed 13,13,32,3,hour_aware,10220,2044,4.044427911082537
Synthetic seed 13,13,40,1,price_only,6132,2044,3.8772759494021463
Synthetic seed 13,13,40,1,hour_aware,6132,2044,4.125594626506846
Synthetic seed 13,13,40,2,price_only,8176,2044,3.8639915836747574
Synthetic seed 13,13,40,2,hour_aware,8176,2044,4.151300634382537
Synthetic seed 13,13,40,3,price_only,10220,2044,3.903754048073065
Synthetic seed 13,13,40,3,hour_aware,10220,2044,4.103944073390357
Synthetic seed 13,13,48,1,price_only,6132,2044,3.8678381101751445
Synthetic seed 13,13,48,1,hour_aware,6132,2044,4.161250281362985
Synthetic seed 13,13,48,2,price_only,8176,2044,3.8227876036304775
Synthetic seed 13,13,48,2,hour_aware,8176,2044,4.1432970383026415
Synthetic seed 13,13,48,3,price_only,10220,2044,3.8991846891658364
Synthetic seed 13,13,48,3,hour_aware,10220,2044,4.1138911943654906
Synthetic seed 14,14,4,1,price_only,6132,2044,4.448141254807175
Synthetic seed 14,14,4,1,hour_aware,6132,2044,4.425245375699615
Synthetic seed 14,14,4,2,price_only,8176,2044,4.383088667383173
Synthetic seed 14,14,4,2,hour_aware,8176,2044,4.355915590519137
Synthetic seed 14,14,4,3,price_only,10220,2044,4.309496969812679
Synthetic seed 14,14,4,3,hour_aware,10220,2044,4.260666645543033
Synthetic seed 14,14,6,1,price_only,6132,2044,4.241879178190115
Synthetic seed 14,14,6,1,hour_aware,6132,2044,4.234775574861189
Synthetic seed 14,14,6,2,price_only,8176,2044,4.271939747135193
Synthetic seed 14,14,6,2,hour_aware,8176,2044,4.258242819313906
Synthetic seed 14,14,6,3,price_only,10220,2044,4.163404906637639
Synthetic seed 14,14,6,3,hour_aware,10220,2044,4.119851449149096
Synthetic seed 14,14,8,1,price_only,6132,2044,4.1741967986348225
Synthetic seed 14,14,8,1,hour_aware,6132,2044,4.187815297827013
Synthetic seed 14,14,8,2,price_only,8176,2044,4.187955350895045
Synthetic seed 14,14,8,2,hour_aware,8176,2044,4.195819004240519
Synthetic seed 14,14,8,3,price_only,10220,2044,4.106307452794834
Synthetic seed 14,14,8,3,hour_aware,10220,2044,4.076746930531568
Synthetic seed 14,14,10,1,price_only,6132,2044,4.115682807630504
Synthetic seed 14,14,10,1,hour_aware,6132,2044,4.148243187236142
Synthetic seed 14,14,10,2,price_only,8176,2044,4.138686477798834
Synthetic seed 14,14,10,2,hour_aware,8176,2044,4.164220257843637
Synthetic seed 14,14,10,3,price_only,10220,2044,4.0695033849012585
Synthetic seed 14,14,10,3,hour_aware,10220,2044,4.053758945709764
Synthetic seed 14,14,12,1,price_only,6132,2044,4.0471054720966935
Synthetic seed 14,14,12,1,hour_aware,6132,2044,4.108867551082684
Synthetic seed 14,14,12,2,price_only,8176,2044,4.098313090250667
Synthetic seed 14,14,12,2,hour_aware,8176,2044,4.144711346325343
Synthetic seed 14,14,12,3,price_only,10220,2044,4.007435838864895
Synthetic seed 14,14,12,3,hour_aware,10220,2044,4.002981884138236
Synthetic seed 14,14,16,1,price_only,6132,2044,3.968891890269886
Synthetic seed 14,14,16,1,hour_aware,6132,2044,4.087600408961863
Synthetic seed 14,14,16,2,price_only,8176,2044,4.016225144679794
Synthetic seed 14,14,16,2,hour_aware,8176,2044,4.093830558053446
Synthetic seed 14,14,16,3,price_only,10220,2044,3.944418654928971
Synthetic seed 14,14,16,3,hour_aware,10220,2044,3.994923245818245
Synthetic seed 14,14,20,1,price_only,6132,2044,3.927939641066222
Synthetic seed 14,14,20,1,hour_aware,6132,2044,4.07403869798613
Synthetic seed 14,14,20,2,price_only,8176,2044,3.9509182944527823
Synthetic seed 14,14,20,2,hour_aware,8176,2044,4.078657192631514
Synthetic seed 14,14,20,3,price_only,10220,2044,3.9090408318310037
Synthetic seed 14,14,20,3,hour_aware,10220,2044,3.9792111989696597
Synthetic seed 14,14,24,1,price_only,6132,2044,3.905631395882407
Synthetic seed 14,14,24,1,hour_aware,6132,2044,4.099456010366889
Synthetic seed 14,14,24,2,price_only,8176,2044,3.9133636006809023
Synthetic seed 14,14,24,2,hour_aware,8176,2044,4.066412424622747
Synthetic seed 14,14,24,3,price_only,10220,2044,3.904172854532295
Synthetic seed 14,14,24,3,hour_aware,10220,2044,3.993643071316093
Synthetic seed 14,14,32,1,price_only,6132,2044,3.9380306818638227
Synthetic seed 14,14,32,1,hour_aware,6132,2044,4.182210547934261
Synthetic seed 14,14,32,2,price_only,8176,2044,3.951359986447524
Synthetic seed 14,14,32,2,hour_aware,8176,2044,4.143624138759959
Synthetic seed 14,14,32,3,price_only,10220,2044,3.9014222887581154
Synthetic seed 14,14,32,3,hour_aware,10220,2044,4.042848809364697
Synthetic seed 14,14,40,1,price_only,6132,2044,3.9288289498405984
Synthetic seed 14,14,40,1,hour_aware,6132,2044,4.206702859682297
Synthetic seed 14,14,40,2,price_only,8176,2044,3.9345451452579736
Synthetic seed 14,14,40,2,hour_aware,8176,2044,4.1808799683526745
Synthetic seed 14,14,40,3,price_only,10220,2044,3.8833895879508007
Synthetic seed 14,14,40,3,hour_aware,10220,2044,4.055598724219984
Synthetic seed 14,14,48,1,price_only,6132,2044,3.9206961071379225
Synthetic seed 14,14,48,1,hour_aware,6132,2044,4.243489889540393
Synthetic seed 14,14,48,2,price_only,8176,2044,3.9148659590945116
Synthetic seed 14,14,48,2,hour_aware,8176,2044,4.1874168052517
Synthetic seed 14,14,48,3,price_only,10220,2044,3.88956889112225
Synthetic seed 14,14,48,3,hour_aware,10220,2044,4.095602831672832
Synthetic seed 15,15,4,1,price_only,6132,2044,4.464335393893398
Synthetic seed 15,15,4,1,hour_aware,6132,2044,4.448291975254367
Synthetic seed 15,15,4,2,price_only,8176,2044,4.357609665356685
Synthetic seed 15,15,4,2,hour_aware,8176,2044,4.3409582608801855
Synthetic seed 15,15,4,3,price_only,10220,2044,4.34715610188071
Synthetic seed 15,15,4,3,hour_aware,10220,2044,4.30825904499832
Synthetic seed 15,15,6,1,price_only,6132,2044,4.2897427476755166
Synthetic seed 15,15,6,1,hour_aware,6132,2044,4.287018692084843
Synthetic seed 15,15,6,2,price_only,8176,2044,4.234357977160628
Synthetic seed 15,15,6,2,hour_aware,8176,2044,4.2280799586978945
Synthetic seed 15,15,6,3,price_only,10220,2044,4.187906797919539
Synthetic seed 15,15,6,3,hour_aware,10220,2044,4.1489103881041425
Synthetic seed 15,15,8,1,price_only,6132,2044,4.188913637649161
Synthetic seed 15,15,8,1,hour_aware,6132,2044,4.2086852632667675
Synthetic seed 15,15,8,2,price_only,8176,2044,4.139692754832086
Synthetic seed 15,15,8,2,hour_aware,8176,2044,4.156498993863252
Synthetic seed 15,15,8,3,price_only,10220,2044,4.092833022270123
Synthetic seed 15,15,8,3,hour_aware,10220,2044,4.062452361970076
Synthetic seed 15,15,10,1,price_only,6132,2044,4.1170449163072576
Synthetic seed 15,15,10,1,hour_aware,6132,2044,4.160216512478097
Synthetic seed 15,15,10,2,price_only,8176,2044,4.07048718016415
Synthetic seed 15,15,10,2,hour_aware,8176,2044,4.112696149892971
Synthetic seed 15,15,10,3,price_only,10220,2044,4.04517354166422
Synthetic seed 15,15,10,3,hour_aware,10220,2044,4.0184369767960195
Synthetic seed 15,15,12,1,price_only,6132,2044,4.083761742466117
Synthetic seed 15,15,12,1,hour_aware,6132,2044,4.153495762451546
Synthetic seed 15,15,12,2,price_only,8176,2044,4.0130940168543034
Synthetic seed 15,15,12,2,hour_aware,8176,2044,4.0670232703730385
Synthetic seed 15,15,12,3,price_only,10220,2044,3.9930130246391347
Synthetic seed 15,15,12,3,hour_aware,10220,2044,3.9969832696390792
Synthetic seed 15,15,16,1,price_only,6132,2044,4.015690184246214
Synthetic seed 15,15,16,1,hour_aware,6132,2044,4.129189270556951
Synthetic seed 15,15,16,2,price_only,8176,2044,3.932211568120306
Synthetic seed 15,15,16,2,hour_aware,8176,2044,4.035636601448506
Synthetic seed 15,15,16,3,price_only,10220,2044,3.9321793418367683
Synthetic seed 15,15,16,3,hour_aware,10220,2044,3.9759590174577792
Synthetic seed 15,15,20,1,price_only,6132,2044,3.9641060449105034
Synthetic seed 15,15,20,1,hour_aware,6132,2044,4.114096825350629
Synthetic seed 15,15,20,2,price_only,8176,2044,3.8813053659258623
Synthetic seed 15,15,20,2,hour_aware,8176,2044,4.0118026282600585
Synthetic seed 15,15,20,3,price_only,10220,2044,3.912806996731499
Synthetic seed 15,15,20,3,hour_aware,10220,2044,3.9651055515334783
Synthetic seed 15,15,24,1,price_only,6132,2044,3.9519508267373524
Synthetic seed 15,15,24,1,hour_aware,6132,2044,4.134647975920909
Synthetic seed 15,15,24,2,price_only,8176,2044,3.870704340175361
Synthetic seed 15,15,24,2,hour_aware,8176,2044,4.034148361184709
Synthetic seed 15,15,24,3,price_only,10220,2044,3.895801115960709
Synthetic seed 15,15,24,3,hour_aware,10220,2044,3.9866441957800496
Synthetic seed 15,15,32,1,price_only,6132,2044,3.9707393883606557
Synthetic seed 15,15,32,1,hour_aware,6132,2044,4.196620781661993
Synthetic seed 15,15,32,2,price_only,8176,2044,3.881662369658631
Synthetic seed 15,15,32,2,hour_aware,8176,2044,4.101445719756097
Synthetic seed 15,15,32,3,price_only,10220,2044,3.8999230704858667
Synthetic seed 15,15,32,3,hour_aware,10220,2044,4.0359173347109785
Synthetic seed 15,15,40,1,price_only,6132,2044,3.9578266706748844
Synthetic seed 15,15,40,1,hour_aware,6132,2044,4.220410199978674
Synthetic seed 15,15,40,2,price_only,8176,2044,3.866592897079398
Synthetic seed 15,15,40,2,hour_aware,8176,2044,4.135344681363735
Synthetic seed 15,15,40,3,price_only,10220,2044,3.902132367238854
Synthetic seed 15,15,40,3,hour_aware,10220,2044,4.07451019790194
Synthetic seed 15,15,48,1,price_only,6132,2044,3.96437236391649
Synthetic seed 15,15,48,1,hour_aware,6132,2044,4.272618164212336
Synthetic seed 15,15,48,2,price_only,8176,2044,3.868230742545914
Synthetic seed 15,15,48,2,hour_aware,8176,2044,4.158285325232894
Synthetic seed 15,15,48,3,price_only,10220,2044,3.8989156080785277
Synthetic seed 15,15,48,3,hour_aware,10220,2044,4.109836087845583
Synthetic seed 16,16,4,1,price_only,6132,2044,4.387592547893497
Synthetic seed 16,16,4,1,hour_aware,6132,2044,4.3750379235111225
Synthetic seed 16,16,4,2,price_only,8176,2044,4.470307675530788
Synthetic seed 16,16,4,2,hour_aware,8176,2044,4.43365072915338
Synthetic seed 16,16,4,3,price_only,10220,2044,4.367904812453575
Synthetic seed 16,16,4,3,hour_aware,10220,2044,4.32055914335218
Synthetic seed 16,16,6,1,price_only,6132,2044,4.2128165253063505
Synthetic seed 16,16,6,1,hour_aware,6132,2044,4.220423785201739
Synthetic seed 16,16,6,2,price_only,8176,2044,4.321471561063958
Synthetic seed 16,16,6,2,hour_aware,8176,2044,4.289302478706781
Synthetic seed 16,16,6,3,price_only,10220,2044,4.195863750782496
Synthetic seed 16,16,6,3,hour_aware,10220,2044,4.152896563534874
Synthetic seed 16,16,8,1,price_only,6132,2044,4.125154697941462
Synthetic seed 16,16,8,1,hour_aware,6132,2044,4.145586047475519
Synthetic seed 16,16,8,2,price_only,8176,2044,4.192337941348073
Synthetic seed 16,16,8,2,hour_aware,8176,2044,4.175507717823528
Synthetic seed 16,16,8,3,price_only,10220,2044,4.102461956833252
Synthetic seed 16,16,8,3,hour_aware,10220,2044,4.061975250493707
Synthetic seed 16,16,10,1,price_only,6132,2044,4.06042055562749
Synthetic seed 16,16,10,1,hour_aware,6132,2044,4.11696415258405
Synthetic seed 16,16,10,2,price_only,8176,2044,4.110624479777173
Synthetic seed 16,16,10,2,hour_aware,8176,2044,4.112779461006852
Synthetic seed 16,16,10,3,price_only,10220,2044,4.041577704108668
Synthetic seed 16,16,10,3,hour_aware,10220,2044,4.022827075806074
Synthetic seed 16,16,12,1,price_only,6132,2044,3.99992507061598
Synthetic seed 16,16,12,1,hour_aware,6132,2044,4.074947903100575
Synthetic seed 16,16,12,2,price_only,8176,2044,4.044942361100695
Synthetic seed 16,16,12,2,hour_aware,8176,2044,4.068133327545917
Synthetic seed 16,16,12,3,price_only,10220,2044,4.002915241696187
Synthetic seed 16,16,12,3,hour_aware,10220,2044,3.99724278352837
Synthetic seed 16,16,16,1,price_only,6132,2044,3.9365311321393137
Synthetic seed 16,16,16,1,hour_aware,6132,2044,4.060965383673334
Synthetic seed 16,16,16,2,price_only,8176,2044,3.96899938282708
Synthetic seed 16,16,16,2,hour_aware,8176,2044,4.032963903132468
Synthetic seed 16,16,16,3,price_only,10220,2044,3.9420365034619067
Synthetic seed 16,16,16,3,hour_aware,10220,2044,3.968208971234966
Synthetic seed 16,16,20,1,price_only,6132,2044,3.924493384973774
Synthetic seed 16,16,20,1,hour_aware,6132,2044,4.094559929533346
Synthetic seed 16,16,20,2,price_only,8176,2044,3.902421375800677
Synthetic seed 16,16,20,2,hour_aware,8176,2044,4.001177879861161
Synthetic seed 16,16,20,3,price_only,10220,2044,3.943897448210881
Synthetic seed 16,16,20,3,hour_aware,10220,2044,3.992020095984425
Synthetic seed 16,16,24,1,price_only,6132,2044,3.934618681468803
Synthetic seed 16,16,24,1,hour_aware,6132,2044,4.116828145160574
Synthetic seed 16,16,24,2,price_only,8176,2044,3.932604878284768
Synthetic seed 16,16,24,2,hour_aware,8176,2044,4.06087402324649
Synthetic seed 16,16,24,3,price_only,10220,2044,3.9388132787385457
Synthetic seed 16,16,24,3,hour_aware,10220,2044,4.028201841368088
Synthetic seed 16,16,32,1,price_only,6132,2044,3.9143940752413915
Synthetic seed 16,16,32,1,hour_aware,6132,2044,4.162855665686652
Synthetic seed 16,16,32,2,price_only,8176,2044,3.9223485393087345
Synthetic seed 16,16,32,2,hour_aware,8176,2044,4.117346506557458
Synthetic seed 16,16,32,3,price_only,10220,2044,3.91023592993014
Synthetic seed 16,16,32,3,hour_aware,10220,2044,4.035838974332058
Synthetic seed 16,16,40,1,price_only,6132,2044,3.911808997416289
Synthetic seed 16,16,40,1,hour_aware,6132,2044,4.200329303245639
Synthetic seed 16,16,40,2,price_only,8176,2044,3.894832262112138
Synthetic seed 16,16,40,2,hour_aware,8176,2044,4.132579625975828
Synthetic seed 16,16,40,3,price_only,10220,2044,3.9185278125380316
Synthetic seed 16,16,40,3,hour_aware,10220,2044,4.081417585869434
Synthetic seed 16,16,48,1,price_only,6132,2044,3.9152205933673065
Synthetic seed 16,16,48,1,hour_aware,6132,2044,4.228934201300352
Synthetic seed 16,16,48,2,price_only,8176,2044,3.9115259941958884
Synthetic seed 16,16,48,2,hour_aware,8176,2044,4.1802760310726095
Synthetic seed 16,16,48,3,price_only,10220,2044,3.918393318081896
Synthetic seed 16,16,48,3,hour_aware,10220,2044,4.118968473099384
Synthetic seed 17,17,4,1,price_only,6132,2044,4.352967017652065
Synthetic seed 17,17,4,1,hour_aware,6132,2044,4.3369423846510635
Synthetic seed 17,17,4,2,price_only,8176,2044,4.368963119914048
Synthetic seed 17,17,4,2,hour_aware,8176,2044,4.344310775470857
Synthetic seed 17,17,4,3,price_only,10220,2044,4.215262627072469
Synthetic seed 17,17,4,3,hour_aware,10220,2044,4.168588779548236
Synthetic seed 17,17,6,1,price_only,6132,2044,4.237230729812036
Synthetic seed 17,17,6,1,hour_aware,6132,2044,4.238815928439669
Synthetic seed 17,17,6,2,price_only,8176,2044,4.2350959257355125
Synthetic seed 17,17,6,2,hour_aware,8176,2044,4.215389229366061
Synthetic seed 17,17,6,3,price_only,10220,2044,4.100365012599013
Synthetic seed 17,17,6,3,hour_aware,10220,2044,4.045674498385311
Synthetic seed 17,17,8,1,price_only,6132,2044,4.131020857955723
Synthetic seed 17,17,8,1,hour_aware,6132,2044,4.155900318078574
Synthetic seed 17,17,8,2,price_only,8176,2044,4.14632587597896
Synthetic seed 17,17,8,2,hour_aware,8176,2044,4.149151366530973
Synthetic seed 17,17,8,3,price_only,10220,2044,4.035067173688481
Synthetic seed 17,17,8,3,hour_aware,10220,2044,3.99659275938343
Synthetic seed 17,17,10,1,price_only,6132,2044,4.081326447621678
Synthetic seed 17,17,10,1,hour_aware,6132,2044,4.132787476448775
Synthetic seed 17,17,10,2,price_only,8176,2044,4.087804274584029
Synthetic seed 17,17,10,2,hour_aware,8176,2044,4.110220911173031
Synthetic seed 17,17,10,3,price_only,10220,2044,3.9787246471059015
Synthetic seed 17,17,10,3,hour_aware,10220,2044,3.9563249043713347
Synthetic seed 17,17,12,1,price_only,6132,2044,4.024811068921145
Synthetic seed 17,17,12,1,hour_aware,6132,2044,4.097471590784952
Synthetic seed 17,17,12,2,price_only,8176,2044,4.0149788903249295
Synthetic seed 17,17,12,2,hour_aware,8176,2044,4.058081349525947
Synthetic seed 17,17,12,3,price_only,10220,2044,3.9434304271237535
Synthetic seed 17,17,12,3,hour_aware,10220,2044,3.929076533827575
Synthetic seed 17,17,16,1,price_only,6132,2044,3.9402831678230403
Synthetic seed 17,17,16,1,hour_aware,6132,2044,4.0559669079489735
Synthetic seed 17,17,16,2,price_only,8176,2044,3.9763722322805246
Synthetic seed 17,17,16,2,hour_aware,8176,2044,4.061012428223203
Synthetic seed 17,17,16,3,price_only,10220,2044,3.8626796342297114
Synthetic seed 17,17,16,3,hour_aware,10220,2044,3.8874121046448264
Synthetic seed 17,17,20,1,price_only,6132,2044,3.9060166170701542
Synthetic seed 17,17,20,1,hour_aware,6132,2044,4.050902646087738
Synthetic seed 17,17,20,2,price_only,8176,2044,3.91434304020661
Synthetic seed 17,17,20,2,hour_aware,8176,2044,4.020075912317891
Synthetic seed 17,17,20,3,price_only,10220,2044,3.837180530166095
Synthetic seed 17,17,20,3,hour_aware,10220,2044,3.892845152541831
Synthetic seed 17,17,24,1,price_only,6132,2044,3.8963537813307525
Synthetic seed 17,17,24,1,hour_aware,6132,2044,4.078835734880929
Synthetic seed 17,17,24,2,price_only,8176,2044,3.869952715741069
Synthetic seed 17,17,24,2,hour_aware,8176,2044,4.022044045003901
Synthetic seed 17,17,24,3,price_only,10220,2044,3.8296115165497935
Synthetic seed 17,17,24,3,hour_aware,10220,2044,3.9154254898218004
Synthetic seed 17,17,32,1,price_only,6132,2044,3.9180626830352034
Synthetic seed 17,17,32,1,hour_aware,6132,2044,4.138641910439417
Synthetic seed 17,17,32,2,price_only,8176,2044,3.9021722356973148
Synthetic seed 17,17,32,2,hour_aware,8176,2044,4.095344815075012
Synthetic seed 17,17,32,3,price_only,10220,2044,3.8199740949187295
Synthetic seed 17,17,32,3,hour_aware,10220,2044,3.949385991821861
Synthetic seed 17,17,40,1,price_only,6132,2044,3.893489260113881
Synthetic seed 17,17,40,1,hour_aware,6132,2044,4.154458115617509
Synthetic seed 17,17,40,2,price_only,8176,2044,3.891336231908046
Synthetic seed 17,17,40,2,hour_aware,8176,2044,4.123259258276557
Synthetic seed 17,17,40,3,price_only,10220,2044,3.822471731571397
Synthetic seed 17,17,40,3,hour_aware,10220,2044,3.980994587452014
Synthetic seed 17,17,48,1,price_only,6132,2044,3.9099541656310772
Synthetic seed 17,17,48,1,hour_aware,6132,2044,4.213600186795421
Synthetic seed 17,17,48,2,price_only,8176,2044,3.873067581460446
Synthetic seed 17,17,48,2,hour_aware,8176,2044,4.126393239110543
Synthetic seed 17,17,48,3,price_only,10220,2044,3.8207875207500184
Synthetic seed 17,17,48,3,hour_aware,10220,2044,4.007693447787175
Synthetic seed 18,18,4,1,price_only,6132,2044,4.3992890799336415
Synthetic seed 18,18,4,1,hour_aware,6132,2044,4.397842128886136
Synthetic seed 18,18,4,2,price_only,8176,2044,4.330404707505786
Synthetic seed 18,18,4,2,hour_aware,8176,2044,4.30870558925448
Synthetic seed 18,18,4,3,price_only,10220,2044,4.2641940154087905
Synthetic seed 18,18,4,3,hour_aware,10220,2044,4.226281850229957
Synthetic seed 18,18,6,1,price_only,6132,2044,4.223549002817068
Synthetic seed 18,18,6,1,hour_aware,6132,2044,4.237463553523808
Synthetic seed 18,18,6,2,price_only,8176,2044,4.204840977725639
Synthetic seed 18,18,6,2,hour_aware,8176,2044,4.189074980946596
Synthetic seed 18,18,6,3,price_only,10220,2044,4.127241230810547
Synthetic seed 18,18,6,3,hour_aware,10220,2044,4.091484025794326
Synthetic seed 18,18,8,1,price_only,6132,2044,4.133480749732324
Synthetic seed 18,18,8,1,hour_aware,6132,2044,4.167385235855772
Synthetic seed 18,18,8,2,price_only,8176,2044,4.103334994042496
Synthetic seed 18,18,8,2,hour_aware,8176,2044,4.102800191966096
Synthetic seed 18,18,8,3,price_only,10220,2044,4.0505776574992
Synthetic seed 18,18,8,3,hour_aware,10220,2044,4.0335563318512735
Synthetic seed 18,18,10,1,price_only,6132,2044,4.08384013069017
Synthetic seed 18,18,10,1,hour_aware,6132,2044,4.143764873211064
Synthetic seed 18,18,10,2,price_only,8176,2044,4.002973157838792
Synthetic seed 18,18,10,2,hour_aware,8176,2044,4.022899107263147
Synthetic seed 18,18,10,3,price_only,10220,2044,4.0062543297177635
Synthetic seed 18,18,10,3,hour_aware,10220,2044,4.003997518867335
Synthetic seed 18,18,12,1,price_only,6132,2044,4.012212332012353
Synthetic seed 18,18,12,1,hour_aware,6132,2044,4.092435905743259
Synthetic seed 18,18,12,2,price_only,8176,2044,3.964340096500429
Synthetic seed 18,18,12,2,hour_aware,8176,2044,4.008936599876671
Synthetic seed 18,18,12,3,price_only,10220,2044,3.945685089218447
Synthetic seed 18,18,12,3,hour_aware,10220,2044,3.96448059150271
Synthetic seed 18,18,16,1,price_only,6132,2044,3.910580806742916
Synthetic seed 18,18,16,1,hour_aware,6132,2044,4.024819554925712
Synthetic seed 18,18,16,2,price_only,8176,2044,3.859095591769709
Synthetic seed 18,18,16,2,hour_aware,8176,2044,3.9444375971585655
Synthetic seed 18,18,16,3,price_only,10220,2044,3.9091426781360576
Synthetic seed 18,18,16,3,hour_aware,10220,2044,3.9556731709912882
Synthetic seed 18,18,20,1,price_only,6132,2044,3.908774414346023
Synthetic seed 18,18,20,1,hour_aware,6132,2044,4.053277507771081
Synthetic seed 18,18,20,2,price_only,8176,2044,3.821114442464683
Synthetic seed 18,18,20,2,hour_aware,8176,2044,3.9260223110165553
Synthetic seed 18,18,20,3,price_only,10220,2044,3.865684707685408
Synthetic seed 18,18,20,3,hour_aware,10220,2044,3.9404986471772525
Synthetic seed 18,18,24,1,price_only,6132,2044,3.9339042989538386
Synthetic seed 18,18,24,1,hour_aware,6132,2044,4.119939027772207
Synthetic seed 18,18,24,2,price_only,8176,2044,3.854068059346143
Synthetic seed 18,18,24,2,hour_aware,8176,2044,4.00811334692765
Synthetic seed 18,18,24,3,price_only,10220,2044,3.8584930889711493
Synthetic seed 18,18,24,3,hour_aware,10220,2044,3.966090744594197
Synthetic seed 18,18,32,1,price_only,6132,2044,3.9072213293994698
Synthetic seed 18,18,32,1,hour_aware,6132,2044,4.1622603720284355
Synthetic seed 18,18,32,2,price_only,8176,2044,3.82987226857283
Synthetic seed 18,18,32,2,hour_aware,8176,2044,4.026812532595272
Synthetic seed 18,18,32,3,price_only,10220,2044,3.8652832918995585
Synthetic seed 18,18,32,3,hour_aware,10220,2044,4.0020740037671905
Synthetic seed 18,18,40,1,price_only,6132,2044,3.898339334242126
Synthetic seed 18,18,40,1,hour_aware,6132,2044,4.192896149216889
Synthetic seed 18,18,40,2,price_only,8176,2044,3.8254759389837614
Synthetic seed 18,18,40,2,hour_aware,8176,2044,4.059941508664946
Synthetic seed 18,18,40,3,price_only,10220,2044,3.855640199483717
Synthetic seed 18,18,40,3,hour_aware,10220,2044,4.032933475261304
Synthetic seed 18,18,48,1,price_only,6132,2044,3.912440344895472
Synthetic seed 18,18,48,1,hour_aware,6132,2044,4.233176839070336
Synthetic seed 18,18,48,2,price_only,8176,2044,3.826389206095768
Synthetic seed 18,18,48,2,hour_aware,8176,2044,4.101701072615745
Synthetic seed 18,18,48,3,price_only,10220,2044,3.8528042957760853
Synthetic seed 18,18,48,3,hour_aware,10220,2044,4.052398532807317
Synthetic seed 19,19,4,1,price_only,6132,2044,4.5001325988193255
Synthetic seed 19,19,4,1,hour_aware,6132,2044,4.4970884867051835
Synthetic seed 19,19,4,2,price_only,8176,2044,4.490139583753888
Synthetic seed 19,19,4,2,hour_aware,8176,2044,4.456567300855123
Synthetic seed 19,19,4,3,price_only,10220,2044,4.391798667111629
Synthetic seed 19,19,4,3,hour_aware,10220,2044,4.35408157004517
Synthetic seed 19,19,6,1,price_only,6132,2044,4.320642217795679
Synthetic seed 19,19,6,1,hour_aware,6132,2044,4.337300125119651
Synthetic seed 19,19,6,2,price_only,8176,2044,4.34924998097147
Synthetic seed 19,19,6,2,hour_aware,8176,2044,4.319647504573001
Synthetic seed 19,19,6,3,price_only,10220,2044,4.229555845948822
Synthetic seed 19,19,6,3,hour_aware,10220,2044,4.1946021986771695
Synthetic seed 19,19,8,1,price_only,6132,2044,4.235425227492168
Synthetic seed 19,19,8,1,hour_aware,6132,2044,4.274897855866595
Synthetic seed 19,19,8,2,price_only,8176,2044,4.241113617206751
Synthetic seed 19,19,8,2,hour_aware,8176,2044,4.225512374168655
Synthetic seed 19,19,8,3,price_only,10220,2044,4.125624923641246
Synthetic seed 19,19,8,3,hour_aware,10220,2044,4.097637974904239
Synthetic seed 19,19,10,1,price_only,6132,2044,4.137813059362804
Synthetic seed 19,19,10,1,hour_aware,6132,2044,4.2065389986596164
Synthetic seed 19,19,10,2,price_only,8176,2044,4.170034100637865
Synthetic seed 19,19,10,2,hour_aware,8176,2044,4.174472827654744
Synthetic seed 19,19,10,3,price_only,10220,2044,4.059040940471058
Synthetic seed 19,19,10,3,hour_aware,10220,2044,4.047640662850401
Synthetic seed 19,19,12,1,price_only,6132,2044,4.072990348237338
Synthetic seed 19,19,12,1,hour_aware,6132,2044,4.172725930965671
Synthetic seed 19,19,12,2,price_only,8176,2044,4.095966147990713
Synthetic seed 19,19,12,2,hour_aware,8176,2044,4.114415703943634
Synthetic seed 19,19,12,3,price_only,10220,2044,4.008042603246943
Synthetic seed 19,19,12,3,hour_aware,10220,2044,4.008891253352847
Synthetic seed 19,19,16,1,price_only,6132,2044,3.9753238333510037
Synthetic seed 19,19,16,1,hour_aware,6132,2044,4.113151749426923
Synthetic seed 19,19,16,2,price_only,8176,2044,3.975410159177369
Synthetic seed 19,19,16,2,hour_aware,8176,2044,4.046447120763349
Synthetic seed 19,19,16,3,price_only,10220,2044,3.942491532735685
Synthetic seed 19,19,16,3,hour_aware,10220,2044,3.9755369595670955
Synthetic seed 19,19,20,1,price_only,6132,2044,3.9312182176510797
Synthetic seed 19,19,20,1,hour_aware,6132,2044,4.115369081855694
Synthetic seed 19,19,20,2,price_only,8176,2044,3.971245424022847
Synthetic seed 19,19,20,2,hour_aware,8176,2044,4.072221721994718
Synthetic seed 19,19,20,3,price_only,10220,2044,3.93132636274594
Synthetic seed 19,19,20,3,hour_aware,10220,2044,4.0046822481522275
Synthetic seed 19,19,24,1,price_only,6132,2044,3.909643072872033
Synthetic seed 19,19,24,1,hour_aware,6132,2044,4.122729948043969
Synthetic seed 19,19,24,2,price_only,8176,2044,4.004734878508875
Synthetic seed 19,19,24,2,hour_aware,8176,2044,4.123721119536953
Synthetic seed 19,19,24,3,price_only,10220,2044,3.9252684976659933
Synthetic seed 19,19,24,3,hour_aware,10220,2044,4.011716294346404
Synthetic seed 19,19,32,1,price_only,6132,2044,3.9368241755067275
Synthetic seed 19,19,32,1,hour_aware,6132,2044,4.206834065591331
Synthetic seed 19,19,32,2,price_only,8176,2044,3.946968472088607
Synthetic seed 19,19,32,2,hour_aware,8176,2044,4.126456022323707
Synthetic seed 19,19,32,3,price_only,10220,2044,3.8884851474445212
Synthetic seed 19,19,32,3,hour_aware,10220,2044,4.034425870938327
Synthetic seed 19,19,40,1,price_only,6132,2044,3.9261933412643453
Synthetic seed 19,19,40,1,hour_aware,6132,2044,4.234916956182946
Synthetic seed 19,19,40,2,price_only,8176,2044,3.969665923800501
Synthetic seed 19,19,40,2,hour_aware,8176,2044,4.178393929981496
Synthetic seed 19,19,40,3,price_only,10220,2044,3.8866465868873417
Synthetic seed 19,19,40,3,hour_aware,10220,2044,4.061359193749824
Synthetic seed 19,19,48,1,price_only,6132,2044,3.9191686360052542
Synthetic seed 19,19,48,1,hour_aware,6132,2044,4.2669353407766515
Synthetic seed 19,19,48,2,price_only,8176,2044,3.949543928329942
Synthetic seed 19,19,48,2,hour_aware,8176,2044,4.212050143135178
Synthetic seed 19,19,48,3,price_only,10220,2044,3.8901384626954947
Synthetic seed 19,19,48,3,hour_aware,10220,2044,4.105118412371857
Synthetic seed 20,20,4,1,price_only,6132,2044,4.503589239716479
Synthetic seed 20,20,4,1,hour_aware,6132,2044,4.505024517016571
Synthetic seed 20,20,4,2,price_only,8176,2044,4.390223512221861
Synthetic seed 20,20,4,2,hour_aware,8176,2044,4.3684288909568245
Synthetic seed 20,20,4,3,price_only,10220,2044,4.267865560448697
Synthetic seed 20,20,4,3,hour_aware,10220,2044,4.219643463671983
Synthetic seed 20,20,6,1,price_only,6132,2044,4.316137182322511
Synthetic seed 20,20,6,1,hour_aware,6132,2044,4.334179771710716
Synthetic seed 20,20,6,2,price_only,8176,2044,4.25457011001238
Synthetic seed 20,20,6,2,hour_aware,8176,2044,4.250428881437517
Synthetic seed 20,20,6,3,price_only,10220,2044,4.107189867942174
Synthetic seed 20,20,6,3,hour_aware,10220,2044,4.0639514781836885
Synthetic seed 20,20,8,1,price_only,6132,2044,4.197066963193705
Synthetic seed 20,20,8,1,hour_aware,6132,2044,4.248249170426759
Synthetic seed 20,20,8,2,price_only,8176,2044,4.15743234770241
Synthetic seed 20,20,8,2,hour_aware,8176,2044,4.160089743221932
Synthetic seed 20,20,8,3,price_only,10220,2044,4.021953078123062
Synthetic seed 20,20,8,3,hour_aware,10220,2044,3.9895839943459173
Synthetic seed 20,20,10,1,price_only,6132,2044,4.10881846920828
Synthetic seed 20,20,10,1,hour_aware,6132,2044,4.192436314032947
Synthetic seed 20,20,10,2,price_only,8176,2044,4.090603598755223
Synthetic seed 20,20,10,2,hour_aware,8176,2044,4.117425266457303
Synthetic seed 20,20,10,3,price_only,10220,2044,3.9812551711958477
Synthetic seed 20,20,10,3,hour_aware,10220,2044,3.9700708559622937
Synthetic seed 20,20,12,1,price_only,6132,2044,4.06560259950683
Synthetic seed 20,20,12,1,hour_aware,6132,2044,4.179018720669689
Synthetic seed 20,20,12,2,price_only,8176,2044,4.044228000853802
Synthetic seed 20,20,12,2,hour_aware,8176,2044,4.094189482540056
Synthetic seed 20,20,12,3,price_only,10220,2044,3.942210871467677
Synthetic seed 20,20,12,3,hour_aware,10220,2044,3.9427556153968624
Synthetic seed 20,20,16,1,price_only,6132,2044,3.9792925528632543
Synthetic seed 20,20,16,1,hour_aware,6132,2044,4.126781915210996
Synthetic seed 20,20,16,2,price_only,8176,2044,3.9496998135236474
Synthetic seed 20,20,16,2,hour_aware,8176,2044,4.0416126780233865
Synthetic seed 20,20,16,3,price_only,10220,2044,3.893868781112488
Synthetic seed 20,20,16,3,hour_aware,10220,2044,3.9379194405052558
Synthetic seed 20,20,20,1,price_only,6132,2044,3.943643330379267
Synthetic seed 20,20,20,1,hour_aware,6132,2044,4.139164774091225
Synthetic seed 20,20,20,2,price_only,8176,2044,3.9006518642911145
Synthetic seed 20,20,20,2,hour_aware,8176,2044,4.017552467176695
Synthetic seed 20,20,20,3,price_only,10220,2044,3.858094001093839
Synthetic seed 20,20,20,3,hour_aware,10220,2044,3.9312431055528094
Synthetic seed 20,20,24,1,price_only,6132,2044,3.9673531526726467
Synthetic seed 20,20,24,1,hour_aware,6132,2044,4.191997073471177
Synthetic seed 20,20,24,2,price_only,8176,2044,3.8933193799016697
Synthetic seed 20,20,24,2,hour_aware,8176,2044,4.044352484075071
Synthetic seed 20,20,24,3,price_only,10220,2044,3.8655635087703173
Synthetic seed 20,20,24,3,hour_aware,10220,2044,3.953564085917236
Synthetic seed 20,20,32,1,price_only,6132,2044,3.9597770090534765
Synthetic seed 20,20,32,1,hour_aware,6132,2044,4.236035299662538
Synthetic seed 20,20,32,2,price_only,8176,2044,3.90483437472144
Synthetic seed 20,20,32,2,hour_aware,8176,2044,4.113544316300751
Synthetic seed 20,20,32,3,price_only,10220,2044,3.8591272706876296
Synthetic seed 20,20,32,3,hour_aware,10220,2044,4.00207467579555
Synthetic seed 20,20,40,1,price_only,6132,2044,3.9487541611819106
Synthetic seed 20,20,40,1,hour_aware,6132,2044,4.26383226473126
Synthetic seed 20,20,40,2,price_only,8176,2044,3.9013236171937686
Synthetic seed 20,20,40,2,hour_aware,8176,2044,4.129177098324418
Synthetic seed 20,20,40,3,price_only,10220,2044,3.8542851260813022
Synthetic seed 20,20,40,3,hour_aware,10220,2044,4.0323541165880625
Synthetic seed 20,20,48,1,price_only,6132,2044,3.965357136118487
Synthetic seed 20,20,48,1,hour_aware,6132,2044,4.314497952740518
Synthetic seed 20,20,48,2,price_only,8176,2044,3.8922240847257483
Synthetic seed 20,20,48,2,hour_aware,8176,2044,4.165823638230524
Synthetic seed 20,20,48,3,price_only,10220,2044,3.8755347615862012
Synthetic seed 20,20,48,3,hour_aware,10220,2044,4.070414215649245
Synthetic seed 21,21,4,1,price_only,6132,2044,4.376376501964486
Synthetic seed 21,21,4,1,hour_aware,6132,2044,4.366714799118477
Synthetic seed 21,21,4,2,price_only,8176,2044,4.300068180504957
Synthetic seed 21,21,4,2,hour_aware,8176,2044,4.282149994851678
Synthetic seed 21,21,4,3,price_only,10220,2044,4.305674686597558
Synthetic seed 21,21,4,3,hour_aware,10220,2044,4.27491509974546
Synthetic seed 21,21,6,1,price_only,6132,2044,4.233278361963753
Synthetic seed 21,21,6,1,hour_aware,6132,2044,4.236359201702738
Synthetic seed 21,21,6,2,price_only,8176,2044,4.153133143873209
Synthetic seed 21,21,6,2,hour_aware,8176,2044,4.157867919020325
Synthetic seed 21,21,6,3,price_only,10220,2044,4.145581613951796
Synthetic seed 21,21,6,3,hour_aware,10220,2044,4.1149825578433195
Synthetic seed 21,21,8,1,price_only,6132,2044,4.1640060395536596
Synthetic seed 21,21,8,1,hour_aware,6132,2044,4.19568597920438
Synthetic seed 21,21,8,2,price_only,8176,2044,4.066374342431802
Synthetic seed 21,21,8,2,hour_aware,8176,2044,4.080394896891896
Synthetic seed 21,21,8,3,price_only,10220,2044,4.071347800388754
Synthetic seed 21,21,8,3,hour_aware,10220,2044,4.049780302477313
Synthetic seed 21,21,10,1,price_only,6132,2044,4.07169392838488
Synthetic seed 21,21,10,1,hour_aware,6132,2044,4.125722871787417
Synthetic seed 21,21,10,2,price_only,8176,2044,3.9887628577700607
Synthetic seed 21,21,10,2,hour_aware,8176,2044,4.028996779719913
Synthetic seed 21,21,10,3,price_only,10220,2044,4.03268830546804
Synthetic seed 21,21,10,3,hour_aware,10220,2044,4.026220689782277
Synthetic seed 21,21,12,1,price_only,6132,2044,4.001631296303976
Synthetic seed 21,21,12,1,hour_aware,6132,2044,4.080376701015905
Synthetic seed 21,21,12,2,price_only,8176,2044,3.94731079988158
Synthetic seed 21,21,12,2,hour_aware,8176,2044,4.009419877942432
Synthetic seed 21,21,12,3,price_only,10220,2044,3.967563290416271
Synthetic seed 21,21,12,3,hour_aware,10220,2044,3.987105802763009
Synthetic seed 21,21,16,1,price_only,6132,2044,3.926772657514098
Synthetic seed 21,21,16,1,hour_aware,6132,2044,4.045669699753067
Synthetic seed 21,21,16,2,price_only,8176,2044,3.8976794988236625
Synthetic seed 21,21,16,2,hour_aware,8176,2044,3.993319121401323
Synthetic seed 21,21,16,3,price_only,10220,2044,3.9049798371449196
Synthetic seed 21,21,16,3,hour_aware,10220,2044,3.9625578227434035
Synthetic seed 21,21,20,1,price_only,6132,2044,3.902321892564925
Synthetic seed 21,21,20,1,hour_aware,6132,2044,4.056602176053505
Synthetic seed 21,21,20,2,price_only,8176,2044,3.8566696513444123
Synthetic seed 21,21,20,2,hour_aware,8176,2044,3.9940386976732563
Synthetic seed 21,21,20,3,price_only,10220,2044,3.871400712191474
Synthetic seed 21,21,20,3,hour_aware,10220,2044,3.9579692051156474
Synthetic seed 21,21,24,1,price_only,6132,2044,3.8756659436828267
Synthetic seed 21,21,24,1,hour_aware,6132,2044,4.078618951341236
Synthetic seed 21,21,24,2,price_only,8176,2044,3.784994212995396
Synthetic seed 21,21,24,2,hour_aware,8176,2044,3.9443780670235244
Synthetic seed 21,21,24,3,price_only,10220,2044,3.841339083013541
Synthetic seed 21,21,24,3,hour_aware,10220,2044,3.9611434583974425
Synthetic seed 21,21,32,1,price_only,6132,2044,3.893243099985676
Synthetic seed 21,21,32,1,hour_aware,6132,2044,4.14789908025976
Synthetic seed 21,21,32,2,price_only,8176,2044,3.8154286216129374
Synthetic seed 21,21,32,2,hour_aware,8176,2044,4.033689911405766
Synthetic seed 21,21,32,3,price_only,10220,2044,3.8377059655513652
Synthetic seed 21,21,32,3,hour_aware,10220,2044,4.000481876856395
Synthetic seed 21,21,40,1,price_only,6132,2044,3.8889968293892982
Synthetic seed 21,21,40,1,hour_aware,6132,2044,4.193089970148714
Synthetic seed 21,21,40,2,price_only,8176,2044,3.8306481051375565
Synthetic seed 21,21,40,2,hour_aware,8176,2044,4.0707845014921755
Synthetic seed 21,21,40,3,price_only,10220,2044,3.829619124984706
Synthetic seed 21,21,40,3,hour_aware,10220,2044,4.03380097000506
Synthetic seed 21,21,48,1,price_only,6132,2044,3.875734602863763
Synthetic seed 21,21,48,1,hour_aware,6132,2044,4.206657484473607
Synthetic seed 21,21,48,2,price_only,8176,2044,3.796612899432038
Synthetic seed 21,21,48,2,hour_aware,8176,2044,4.078819198165862
Synthetic seed 21,21,48,3,price_only,10220,2044,3.833303457665226
Synthetic seed 21,21,48,3,hour_aware,10220,2044,4.0698476387125
Synthetic seed 22,22,4,1,price_only,6132,2044,4.305265210873352
Synthetic seed 22,22,4,1,hour_aware,6132,2044,4.279938953898475
Synthetic seed 22,22,4,2,price_only,8176,2044,4.51009778782694
Synthetic seed 22,22,4,2,hour_aware,8176,2044,4.497640659039108
Synthetic seed 22,22,4,3,price_only,10220,2044,4.345408599671342
Synthetic seed 22,22,4,3,hour_aware,10220,2044,4.310315586307977
Synthetic seed 22,22,6,1,price_only,6132,2044,4.158657188133657
Synthetic seed 22,22,6,1,hour_aware,6132,2044,4.151758716636373
Synthetic seed 22,22,6,2,price_only,8176,2044,4.352055138616594
Synthetic seed 22,22,6,2,hour_aware,8176,2044,4.352930231686248
Synthetic seed 22,22,6,3,price_only,10220,2044,4.179049083460737
Synthetic seed 22,22,6,3,hour_aware,10220,2044,4.14466779007549
Synthetic seed 22,22,8,1,price_only,6132,2044,4.116345759693211
Synthetic seed 22,22,8,1,hour_aware,6132,2044,4.122726256443667
Synthetic seed 22,22,8,2,price_only,8176,2044,4.272617760247327
Synthetic seed 22,22,8,2,hour_aware,8176,2044,4.288787137935809
Synthetic seed 22,22,8,3,price_only,10220,2044,4.116964548460258
Synthetic seed 22,22,8,3,hour_aware,10220,2044,4.0877004732627835
Synthetic seed 22,22,10,1,price_only,6132,2044,4.077394942271983
Synthetic seed 22,22,10,1,hour_aware,6132,2044,4.1078443487903895
Synthetic seed 22,22,10,2,price_only,8176,2044,4.205302051813419
Synthetic seed 22,22,10,2,hour_aware,8176,2044,4.24384236368078
Synthetic seed 22,22,10,3,price_only,10220,2044,4.056010106338121
Synthetic seed 22,22,10,3,hour_aware,10220,2044,4.047341180367561
Synthetic seed 22,22,12,1,price_only,6132,2044,3.997658709386687
Synthetic seed 22,22,12,1,hour_aware,6132,2044,4.0623174940505535
Synthetic seed 22,22,12,2,price_only,8176,2044,4.155615655844159
Synthetic seed 22,22,12,2,hour_aware,8176,2044,4.2225977080781
Synthetic seed 22,22,12,3,price_only,10220,2044,3.999448203442388
Synthetic seed 22,22,12,3,hour_aware,10220,2044,4.0006636230709836
Synthetic seed 22,22,16,1,price_only,6132,2044,3.957124318327744
Synthetic seed 22,22,16,1,hour_aware,6132,2044,4.068704038492249
Synthetic seed 22,22,16,2,price_only,8176,2044,4.074544655597356
Synthetic seed 22,22,16,2,hour_aware,8176,2044,4.173640835538763
Synthetic seed 22,22,16,3,price_only,10220,2044,3.955910732634906
Synthetic seed 22,22,16,3,hour_aware,10220,2044,3.989695051576485
Synthetic seed 22,22,20,1,price_only,6132,2044,3.904080418526393
Synthetic seed 22,22,20,1,hour_aware,6132,2044,4.037775873165714
Synthetic seed 22,22,20,2,price_only,8176,2044,4.0149489139756644
Synthetic seed 22,22,20,2,hour_aware,8176,2044,4.144787485950831
Synthetic seed 22,22,20,3,price_only,10220,2044,3.9261026015620297
Synthetic seed 22,22,20,3,hour_aware,10220,2044,3.993990886361618
Synthetic seed 22,22,24,1,price_only,6132,2044,3.875802716086976
Synthetic seed 22,22,24,1,hour_aware,6132,2044,4.053942358215634
Synthetic seed 22,22,24,2,price_only,8176,2044,3.9791681754464046
Synthetic seed 22,22,24,2,hour_aware,8176,2044,4.151369524166835
Synthetic seed 22,22,24,3,price_only,10220,2044,3.914922608754881
Synthetic seed 22,22,24,3,hour_aware,10220,2044,4.012969516063443
Synthetic seed 22,22,32,1,price_only,6132,2044,3.8793776570198553
Synthetic seed 22,22,32,1,hour_aware,6132,2044,4.1350748571287
Synthetic seed 22,22,32,2,price_only,8176,2044,3.949525530732586
Synthetic seed 22,22,32,2,hour_aware,8176,2044,4.164996154480772
Synthetic seed 22,22,32,3,price_only,10220,2044,3.9205773328516043
Synthetic seed 22,22,32,3,hour_aware,10220,2044,4.058297307153823
Synthetic seed 22,22,40,1,price_only,6132,2044,3.88199289568928
Synthetic seed 22,22,40,1,hour_aware,6132,2044,4.161487608104801
Synthetic seed 22,22,40,2,price_only,8176,2044,3.957387077387884
Synthetic seed 22,22,40,2,hour_aware,8176,2044,4.203926223468806
Synthetic seed 22,22,40,3,price_only,10220,2044,3.924702791006383
Synthetic seed 22,22,40,3,hour_aware,10220,2044,4.081449817771462
Synthetic seed 22,22,48,1,price_only,6132,2044,3.871021191029748
Synthetic seed 22,22,48,1,hour_aware,6132,2044,4.191326095365899
Synthetic seed 22,22,48,2,price_only,8176,2044,3.9567729258093696
Synthetic seed 22,22,48,2,hour_aware,8176,2044,4.259418845780248
Synthetic seed 22,22,48,3,price_only,10220,2044,3.9173874500462205
Synthetic seed 22,22,48,3,hour_aware,10220,2044,4.124485361602369
Synthetic seed 23,23,4,1,price_only,6132,2044,4.351045985747468
Synthetic seed 23,23,4,1,hour_aware,6132,2044,4.320759716960784
Synthetic seed 23,23,4,2,price_only,8176,2044,4.415814916722427
Synthetic seed 23,23,4,2,hour_aware,8176,2044,4.39539978482835
Synthetic seed 23,23,4,3,price_only,10220,2044,4.38084716235491
Synthetic seed 23,23,4,3,hour_aware,10220,2044,4.33644067338924
Synthetic seed 23,23,6,1,price_only,6132,2044,4.177258210740985
Synthetic seed 23,23,6,1,hour_aware,6132,2044,4.158344304731916
Synthetic seed 23,23,6,2,price_only,8176,2044,4.23806892802511
Synthetic seed 23,23,6,2,hour_aware,8176,2044,4.229475637097919
Synthetic seed 23,23,6,3,price_only,10220,2044,4.236065781462225
Synthetic seed 23,23,6,3,hour_aware,10220,2044,4.198961164701178
Synthetic seed 23,23,8,1,price_only,6132,2044,4.067936414634303
Synthetic seed 23,23,8,1,hour_aware,6132,2044,4.074739072291253
Synthetic seed 23,23,8,2,price_only,8176,2044,4.155174208427888
Synthetic seed 23,23,8,2,hour_aware,8176,2044,4.166007449898369
Synthetic seed 23,23,8,3,price_only,10220,2044,4.129579909537517
Synthetic seed 23,23,8,3,hour_aware,10220,2044,4.1101736860751945
Synthetic seed 23,23,10,1,price_only,6132,2044,4.006098547943526
Synthetic seed 23,23,10,1,hour_aware,6132,2044,4.0373041469547415
Synthetic seed 23,23,10,2,price_only,8176,2044,4.09435665478641
Synthetic seed 23,23,10,2,hour_aware,8176,2044,4.126538481129792
Synthetic seed 23,23,10,3,price_only,10220,2044,4.084616686320173
Synthetic seed 23,23,10,3,hour_aware,10220,2044,4.08558530425281
Synthetic seed 23,23,12,1,price_only,6132,2044,3.93202742607513
Synthetic seed 23,23,12,1,hour_aware,6132,2044,3.9986791423278305
Synthetic seed 23,23,12,2,price_only,8176,2044,4.03081282077685
Synthetic seed 23,23,12,2,hour_aware,8176,2044,4.084392538185027
Synthetic seed 23,23,12,3,price_only,10220,2044,4.038232500705966
Synthetic seed 23,23,12,3,hour_aware,10220,2044,4.051265582182861
Synthetic seed 23,23,16,1,price_only,6132,2044,3.8629549329930435
Synthetic seed 23,23,16,1,hour_aware,6132,2044,3.984238343422799
Synthetic seed 23,23,16,2,price_only,8176,2044,3.9428354040598386
Synthetic seed 23,23,16,2,hour_aware,8176,2044,4.035107679109518
Synthetic seed 23,23,16,3,price_only,10220,2044,3.9781481424818974
Synthetic seed 23,23,16,3,hour_aware,10220,2044,4.031806996025383
Synthetic seed 23,23,20,1,price_only,6132,2044,3.8204944276556514
Synthetic seed 23,23,20,1,hour_aware,6132,2044,3.9773669998244463
Synthetic seed 23,23,20,2,price_only,8176,2044,3.8775722376758437
Synthetic seed 23,23,20,2,hour_aware,8176,2044,4.00956969030689
Synthetic seed 23,23,20,3,price_only,10220,2044,3.949060373433509
Synthetic seed 23,23,20,3,hour_aware,10220,2044,4.048818248835595
Synthetic seed 23,23,24,1,price_only,6132,2044,3.8463880948767675
Synthetic seed 23,23,24,1,hour_aware,6132,2044,4.030034336607152
Synthetic seed 23,23,24,2,price_only,8176,2044,3.889884601868454
Synthetic seed 23,23,24,2,hour_aware,8176,2044,4.042989901992697
Synthetic seed 23,23,24,3,price_only,10220,2044,3.927080885442224
Synthetic seed 23,23,24,3,hour_aware,10220,2044,4.044047753275707
Synthetic seed 23,23,32,1,price_only,6132,2044,3.8516104524863497
Synthetic seed 23,23,32,1,hour_aware,6132,2044,4.085730387609057
Synthetic seed 23,23,32,2,price_only,8176,2044,3.903289973224457
Synthetic seed 23,23,32,2,hour_aware,8176,2044,4.106579807343762
Synthetic seed 23,23,32,3,price_only,10220,2044,3.9307545188175967
Synthetic seed 23,23,32,3,hour_aware,10220,2044,4.081626145387817
Synthetic seed 23,23,40,1,price_only,6132,2044,3.8288485167671946
Synthetic seed 23,23,40,1,hour_aware,6132,2044,4.1098164510241375
Synthetic seed 23,23,40,2,price_only,8176,2044,3.86970325360717
Synthetic seed 23,23,40,2,hour_aware,8176,2044,4.12283009509749
Synthetic seed 23,23,40,3,price_only,10220,2044,3.924039248576359
Synthetic seed 23,23,40,3,hour_aware,10220,2044,4.134115567500179
Synthetic seed 23,23,48,1,price_only,6132,2044,3.853474279315847
Synthetic seed 23,23,48,1,hour_aware,6132,2044,4.16592977649616
Synthetic seed 23,23,48,2,price_only,8176,2044,3.888639693851484
Synthetic seed 23,23,48,2,hour_aware,8176,2044,4.149768558689607
Synthetic seed 23,23,48,3,price_only,10220,2044,3.920691885542484
Synthetic seed 23,23,48,3,hour_aware,10220,2044,4.138977781858405
Synthetic seed 24,24,4,1,price_only,6132,2044,4.5137598553130465
Synthetic seed 24,24,4,1,hour_aware,6132,2044,4.509357482124762
Synthetic seed 24,24,4,2,price_only,8176,2044,4.443521307187992
Synthetic seed 24,24,4,2,hour_aware,8176,2044,4.425868585048957
Synthetic seed 24,24,4,3,price_only,10220,2044,4.341417017290739
Synthetic seed 24,24,4,3,hour_aware,10220,2044,4.294041921466265
Synthetic seed 24,24,6,1,price_only,6132,2044,4.352860352975815
Synthetic seed 24,24,6,1,hour_aware,6132,2044,4.3608598060110095
Synthetic seed 24,24,6,2,price_only,8176,2044,4.27801557907696
Synthetic seed 24,24,6,2,hour_aware,8176,2044,4.268075638184376
Synthetic seed 24,24,6,3,price_only,10220,2044,4.1959335937919535
Synthetic seed 24,24,6,3,hour_aware,10220,2044,4.146313737770975
Synthetic seed 24,24,8,1,price_only,6132,2044,4.262502364478698
Synthetic seed 24,24,8,1,hour_aware,6132,2044,4.288391703537267
Synthetic seed 24,24,8,2,price_only,8176,2044,4.1648732537891
Synthetic seed 24,24,8,2,hour_aware,8176,2044,4.18045669921769
Synthetic seed 24,24,8,3,price_only,10220,2044,4.096261529039233
Synthetic seed 24,24,8,3,hour_aware,10220,2044,4.05778880101765
Synthetic seed 24,24,10,1,price_only,6132,2044,4.18160996371437
Synthetic seed 24,24,10,1,hour_aware,6132,2044,4.22840326810247
Synthetic seed 24,24,10,2,price_only,8176,2044,4.096609479594828
Synthetic seed 24,24,10,2,hour_aware,8176,2044,4.13797173291081
Synthetic seed 24,24,10,3,price_only,10220,2044,4.062294158863749
Synthetic seed 24,24,10,3,hour_aware,10220,2044,4.035603469025875
Synthetic seed 24,24,12,1,price_only,6132,2044,4.120023195528336
Synthetic seed 24,24,12,1,hour_aware,6132,2044,4.1950824137788905
Synthetic seed 24,24,12,2,price_only,8176,2044,4.033431741694331
Synthetic seed 24,24,12,2,hour_aware,8176,2044,4.100152929977735
Synthetic seed 24,24,12,3,price_only,10220,2044,4.001001338317185
Synthetic seed 24,24,12,3,hour_aware,10220,2044,3.989734777929748
Synthetic seed 24,24,16,1,price_only,6132,2044,4.056468558285173
Synthetic seed 24,24,16,1,hour_aware,6132,2044,4.170559100329688
Synthetic seed 24,24,16,2,price_only,8176,2044,3.936847925552804
Synthetic seed 24,24,16,2,hour_aware,8176,2044,4.040455193304451
Synthetic seed 24,24,16,3,price_only,10220,2044,3.948997307878691
Synthetic seed 24,24,16,3,hour_aware,10220,2044,3.981943817821227
Synthetic seed 24,24,20,1,price_only,6132,2044,4.000975311506658
Synthetic seed 24,24,20,1,hour_aware,6132,2044,4.149523409123123
Synthetic seed 24,24,20,2,price_only,8176,2044,3.8832675251247766
Synthetic seed 24,24,20,2,hour_aware,8176,2044,4.018345060684117
Synthetic seed 24,24,20,3,price_only,10220,2044,3.9277638791400746
Synthetic seed 24,24,20,3,hour_aware,10220,2044,3.986558578779222
Synthetic seed 24,24,24,1,price_only,6132,2044,3.9987815034133525
Synthetic seed 24,24,24,1,hour_aware,6132,2044,4.19156688123199
Synthetic seed 24,24,24,2,price_only,8176,2044,3.910432514713447
Synthetic seed 24,24,24,2,hour_aware,8176,2044,4.073019630823682
Synthetic seed 24,24,24,3,price_only,10220,2044,3.907899705668729
Synthetic seed 24,24,24,3,hour_aware,10220,2044,3.9890086307700443
Synthetic seed 24,24,32,1,price_only,6132,2044,4.007774482126288
Synthetic seed 24,24,32,1,hour_aware,6132,2044,4.269883315777259
Synthetic seed 24,24,32,2,price_only,8176,2044,3.9105393567807654
Synthetic seed 24,24,32,2,hour_aware,8176,2044,4.120588639400591
Synthetic seed 24,24,32,3,price_only,10220,2044,3.886851504118551
Synthetic seed 24,24,32,3,hour_aware,10220,2044,4.008939485519431
Synthetic seed 24,24,40,1,price_only,6132,2044,3.988334657988311
Synthetic seed 24,24,40,1,hour_aware,6132,2044,4.265629930734002
Synthetic seed 24,24,40,2,price_only,8176,2044,3.875796139913818
Synthetic seed 24,24,40,2,hour_aware,8176,2044,4.121666081238767
Synthetic seed 24,24,40,3,price_only,10220,2044,3.8768423022700964
Synthetic seed 24,24,40,3,hour_aware,10220,2044,4.056311002560981
Synthetic seed 24,24,48,1,price_only,6132,2044,3.9973581569169228
Synthetic seed 24,24,48,1,hour_aware,6132,2044,4.32457698315981
Synthetic seed 24,24,48,2,price_only,8176,2044,3.9044986978118352
Synthetic seed 24,24,48,2,hour_aware,8176,2044,4.19447298307002
Synthetic seed 24,24,48,3,price_only,10220,2044,3.8818953639613847
Synthetic seed 24,24,48,3,hour_aware,10220,2044,4.089300727532531
Synthetic seed 25,25,4,1,price_only,6132,2044,4.413387298503367
Synthetic seed 25,25,4,1,hour_aware,6132,2044,4.3884787851460745
Synthetic seed 25,25,4,2,price_only,8176,2044,4.356876036522031
Synthetic seed 25,25,4,2,hour_aware,8176,2044,4.327887548815607
Synthetic seed 25,25,4,3,price_only,10220,2044,4.3746915464027225
Synthetic seed 25,25,4,3,hour_aware,10220,2044,4.336031371836793
Synthetic seed 25,25,6,1,price_only,6132,2044,4.228553300952442
Synthetic seed 25,25,6,1,hour_aware,6132,2044,4.221988436386086
Synthetic seed 25,25,6,2,price_only,8176,2044,4.165096146722496
Synthetic seed 25,25,6,2,hour_aware,8176,2044,4.143879995197287
Synthetic seed 25,25,6,3,price_only,10220,2044,4.2421296585358785
Synthetic seed 25,25,6,3,hour_aware,10220,2044,4.201208014394089
Synthetic seed 25,25,8,1,price_only,6132,2044,4.096796047195986
Synthetic seed 25,25,8,1,hour_aware,6132,2044,4.107872265920277
Synthetic seed 25,25,8,2,price_only,8176,2044,4.048745556425302
Synthetic seed 25,25,8,2,hour_aware,8176,2044,4.0441873431177395
Synthetic seed 25,25,8,3,price_only,10220,2044,4.150499183211843
Synthetic seed 25,25,8,3,hour_aware,10220,2044,4.122091432220334
Synthetic seed 25,25,10,1,price_only,6132,2044,4.030789083777316
Synthetic seed 25,25,10,1,hour_aware,6132,2044,4.05883845227361
Synthetic seed 25,25,10,2,price_only,8176,2044,4.0138823045248095
Synthetic seed 25,25,10,2,hour_aware,8176,2044,4.023945830823626
Synthetic seed 25,25,10,3,price_only,10220,2044,4.107133022530198
Synthetic seed 25,25,10,3,hour_aware,10220,2044,4.096461695960323
Synthetic seed 25,25,12,1,price_only,6132,2044,3.9606733244832224
Synthetic seed 25,25,12,1,hour_aware,6132,2044,4.025476255682809
Synthetic seed 25,25,12,2,price_only,8176,2044,3.922797200004098
Synthetic seed 25,25,12,2,hour_aware,8176,2044,3.9561102899558103
Synthetic seed 25,25,12,3,price_only,10220,2044,4.036064111058384
Synthetic seed 25,25,12,3,hour_aware,10220,2044,4.035051155620323
Synthetic seed 25,25,16,1,price_only,6132,2044,3.8811456544350347
Synthetic seed 25,25,16,1,hour_aware,6132,2044,4.003038615863483
Synthetic seed 25,25,16,2,price_only,8176,2044,3.8352673192542097
Synthetic seed 25,25,16,2,hour_aware,8176,2044,3.92613037064644
Synthetic seed 25,25,16,3,price_only,10220,2044,3.9643599513591408
Synthetic seed 25,25,16,3,hour_aware,10220,2044,4.007301096400314
Synthetic seed 25,25,20,1,price_only,6132,2044,3.926839358597286
Synthetic seed 25,25,20,1,hour_aware,6132,2044,4.0673400690900925
Synthetic seed 25,25,20,2,price_only,8176,2044,3.8320362848072396
Synthetic seed 25,25,20,2,hour_aware,8176,2044,3.9409449405266734
Synthetic seed 25,25,20,3,price_only,10220,2044,3.9503973775332675
Synthetic seed 25,25,20,3,hour_aware,10220,2044,4.025185393332936
Synthetic seed 25,25,24,1,price_only,6132,2044,3.9227003623467085
Synthetic seed 25,25,24,1,hour_aware,6132,2044,4.116129093895618
Synthetic seed 25,25,24,2,price_only,8176,2044,3.845449743655751
Synthetic seed 25,25,24,2,hour_aware,8176,2044,3.9920814312127457
Synthetic seed 25,25,24,3,price_only,10220,2044,3.9462367879017797
Synthetic seed 25,25,24,3,hour_aware,10220,2044,4.044265982638294
Synthetic seed 25,25,32,1,price_only,6132,2044,3.8582483522449404
Synthetic seed 25,25,32,1,hour_aware,6132,2044,4.099032063488902
Synthetic seed 25,25,32,2,price_only,8176,2044,3.8158369055564907
Synthetic seed 25,25,32,2,hour_aware,8176,2044,4.0432811857884925
Synthetic seed 25,25,32,3,price_only,10220,2044,3.9259942818373736
Synthetic seed 25,25,32,3,hour_aware,10220,2044,4.079353720831614
Synthetic seed 25,25,40,1,price_only,6132,2044,3.890129187548503
Synthetic seed 25,25,40,1,hour_aware,6132,2044,4.167876331248636
Synthetic seed 25,25,40,2,price_only,8176,2044,3.8230687957082807
Synthetic seed 25,25,40,2,hour_aware,8176,2044,4.073415619913836
Synthetic seed 25,25,40,3,price_only,10220,2044,3.9230623921510523
Synthetic seed 25,25,40,3,hour_aware,10220,2044,4.115430057630536
Synthetic seed 25,25,48,1,price_only,6132,2044,3.8756291358896786
Synthetic seed 25,25,48,1,hour_aware,6132,2044,4.196590264496566
Synthetic seed 25,25,48,2,price_only,8176,2044,3.8207771573182585
Synthetic seed 25,25,48,2,hour_aware,8176,2044,4.120723486045594
Synthetic seed 25,25,48,3,price_only,10220,2044,3.9272441623328262
Synthetic seed 25,25,48,3,hour_aware,10220,2044,4.1494597609817365
Synthetic seed 26,26,4,1,price_only,6132,2044,4.473428051996536
Synthetic seed 26,26,4,1,hour_aware,6132,2044,4.4691975002251265
Synthetic seed 26,26,4,2,price_only,8176,2044,4.507322014271992
Synthetic seed 26,26,4,2,hour_aware,8176,2044,4.4857797434279485
Synthetic seed 26,26,4,3,price_only,10220,2044,4.322257142807565
Synthetic seed 26,26,4,3,hour_aware,10220,2044,4.269522397951274
Synthetic seed 26,26,6,1,price_only,6132,2044,4.3167539002709345
Synthetic seed 26,26,6,1,hour_aware,6132,2044,4.32669684898811
Synthetic seed 26,26,6,2,price_only,8176,2044,4.324888173335426
Synthetic seed 26,26,6,2,hour_aware,8176,2044,4.314721933014945
Synthetic seed 26,26,6,3,price_only,10220,2044,4.188772733740327
Synthetic seed 26,26,6,3,hour_aware,10220,2044,4.13169237610607
Synthetic seed 26,26,8,1,price_only,6132,2044,4.211107528250298
Synthetic seed 26,26,8,1,hour_aware,6132,2044,4.248477624971376
Synthetic seed 26,26,8,2,price_only,8176,2044,4.242923801463907
Synthetic seed 26,26,8,2,hour_aware,8176,2044,4.250180803509761
Synthetic seed 26,26,8,3,price_only,10220,2044,4.081303740133894
Synthetic seed 26,26,8,3,hour_aware,10220,2044,4.031975539858374
Synthetic seed 26,26,10,1,price_only,6132,2044,4.1356716975106185
Synthetic seed 26,26,10,1,hour_aware,6132,2044,4.192106249316522
Synthetic seed 26,26,10,2,price_only,8176,2044,4.16099002683005
Synthetic seed 26,26,10,2,hour_aware,8176,2044,4.192416363590751
Synthetic seed 26,26,10,3,price_only,10220,2044,3.990839087383151
Synthetic seed 26,26,10,3,hour_aware,10220,2044,3.96296678289146
Synthetic seed 26,26,12,1,price_only,6132,2044,4.085764721232902
Synthetic seed 26,26,12,1,hour_aware,6132,2044,4.176796416604498
Synthetic seed 26,26,12,2,price_only,8176,2044,4.116113971379059
Synthetic seed 26,26,12,2,hour_aware,8176,2044,4.157219378362416
Synthetic seed 26,26,12,3,price_only,10220,2044,3.9633262488113217
Synthetic seed 26,26,12,3,hour_aware,10220,2044,3.9574403110556835
Synthetic seed 26,26,16,1,price_only,6132,2044,4.016374458338591
Synthetic seed 26,26,16,1,hour_aware,6132,2044,4.14952146471887
Synthetic seed 26,26,16,2,price_only,8176,2044,4.000588058645845
Synthetic seed 26,26,16,2,hour_aware,8176,2044,4.076661489690699
Synthetic seed 26,26,16,3,price_only,10220,2044,3.890291068596132
Synthetic seed 26,26,16,3,hour_aware,10220,2044,3.926490376703566
Synthetic seed 26,26,20,1,price_only,6132,2044,3.979061162469111
Synthetic seed 26,26,20,1,hour_aware,6132,2044,4.150851242158522
Synthetic seed 26,26,20,2,price_only,8176,2044,3.9343707348423558
Synthetic seed 26,26,20,2,hour_aware,8176,2044,4.051818896787285
Synthetic seed 26,26,20,3,price_only,10220,2044,3.867641240572029
Synthetic seed 26,26,20,3,hour_aware,10220,2044,3.9328143282792376
Synthetic seed 26,26,24,1,price_only,6132,2044,3.959504063853795
Synthetic seed 26,26,24,1,hour_aware,6132,2044,4.15730813789501
Synthetic seed 26,26,24,2,price_only,8176,2044,3.921957557584568
Synthetic seed 26,26,24,2,hour_aware,8176,2044,4.059451743301954
Synthetic seed 26,26,24,3,price_only,10220,2044,3.860677853934187
Synthetic seed 26,26,24,3,hour_aware,10220,2044,3.9469382146005016
Synthetic seed 26,26,32,1,price_only,6132,2044,3.9387715337285307
Synthetic seed 26,26,32,1,hour_aware,6132,2044,4.185116191052978
Synthetic seed 26,26,32,2,price_only,8176,2044,3.9334144552650225
Synthetic seed 26,26,32,2,hour_aware,8176,2044,4.124986923691919
Synthetic seed 26,26,32,3,price_only,10220,2044,3.843922962764657
Synthetic seed 26,26,32,3,hour_aware,10220,2044,3.9844154512956305
Synthetic seed 26,26,40,1,price_only,6132,2044,3.9474839540843396
Synthetic seed 26,26,40,1,hour_aware,6132,2044,4.242251031082479
Synthetic seed 26,26,40,2,price_only,8176,2044,3.934214227925516
Synthetic seed 26,26,40,2,hour_aware,8176,2044,4.17555909566526
Synthetic seed 26,26,40,3,price_only,10220,2044,3.840730004779785
Synthetic seed 26,26,40,3,hour_aware,10220,2044,4.012067249064993
Synthetic seed 26,26,48,1,price_only,6132,2044,3.9645980582410902
Synthetic seed 26,26,48,1,hour_aware,6132,2044,4.305621384795982
Synthetic seed 26,26,48,2,price_only,8176,2044,3.9152467462340264
Synthetic seed 26,26,48,2,hour_aware,8176,2044,4.201304747545189
Synthetic seed 26,26,48,3,price_only,10220,2044,3.845016731768816
Synthetic seed 26,26,48,3,hour_aware,10220,2044,4.052396564144883
Synthetic seed 27,27,4,1,price_only,6132,2044,4.314316749349106
Synthetic seed 27,27,4,1,hour_aware,6132,2044,4.300156152000484
Synthetic seed 27,27,4,2,price_only,8176,2044,4.4184680093890245
Synthetic seed 27,27,4,2,hour_aware,8176,2044,4.394571039193384
Synthetic seed 27,27,4,3,price_only,10220,2044,4.2850945533648686
Synthetic seed 27,27,4,3,hour_aware,10220,2044,4.247626185047022
Synthetic seed 27,27,6,1,price_only,6132,2044,4.145487515376268
Synthetic seed 27,27,6,1,hour_aware,6132,2044,4.138752820078428
Synthetic seed 27,27,6,2,price_only,8176,2044,4.268977934938433
Synthetic seed 27,27,6,2,hour_aware,8176,2044,4.2561373265288465
Synthetic seed 27,27,6,3,price_only,10220,2044,4.12251433210538
Synthetic seed 27,27,6,3,hour_aware,10220,2044,4.08776707341918
Synthetic seed 27,27,8,1,price_only,6132,2044,4.039742058063491
Synthetic seed 27,27,8,1,hour_aware,6132,2044,4.0614603063553565
Synthetic seed 27,27,8,2,price_only,8176,2044,4.1965570184924
Synthetic seed 27,27,8,2,hour_aware,8176,2044,4.1911255388305415
Synthetic seed 27,27,8,3,price_only,10220,2044,4.019909369943105
Synthetic seed 27,27,8,3,hour_aware,10220,2044,4.0032648436368685
Synthetic seed 27,27,10,1,price_only,6132,2044,3.978940389824304
Synthetic seed 27,27,10,1,hour_aware,6132,2044,4.022183222305467
Synthetic seed 27,27,10,2,price_only,8176,2044,4.134419226094513
Synthetic seed 27,27,10,2,hour_aware,8176,2044,4.142622688518592
Synthetic seed 27,27,10,3,price_only,10220,2044,3.979837175742369
Synthetic seed 27,27,10,3,hour_aware,10220,2044,3.972945763937549
Synthetic seed 27,27,12,1,price_only,6132,2044,3.934766912127495
Synthetic seed 27,27,12,1,hour_aware,6132,2044,4.007820979794514
Synthetic seed 27,27,12,2,price_only,8176,2044,4.05906956664431
Synthetic seed 27,27,12,2,hour_aware,8176,2044,4.093743992490456
Synthetic seed 27,27,12,3,price_only,10220,2044,3.9394049667599966
Synthetic seed 27,27,12,3,hour_aware,10220,2044,3.9613909637957243
Synthetic seed 27,27,16,1,price_only,6132,2044,3.870923540752288
Synthetic seed 27,27,16,1,hour_aware,6132,2044,3.984481083504858
Synthetic seed 27,27,16,2,price_only,8176,2044,3.9641139425459553
Synthetic seed 27,27,16,2,hour_aware,8176,2044,4.032187177470338
Synthetic seed 27,27,16,3,price_only,10220,2044,3.890465011589764
Synthetic seed 27,27,16,3,hour_aware,10220,2044,3.9485190265737145
Synthetic seed 27,27,20,1,price_only,6132,2044,3.8468551538071876
Synthetic seed 27,27,20,1,hour_aware,6132,2044,4.005666257031421
Synthetic seed 27,27,20,2,price_only,8176,2044,3.9184054038607523
Synthetic seed 27,27,20,2,hour_aware,8176,2044,4.019475558170668
Synthetic seed 27,27,20,3,price_only,10220,2044,3.867500123925937
Synthetic seed 27,27,20,3,hour_aware,10220,2044,3.954814337640001
Synthetic seed 27,27,24,1,price_only,6132,2044,3.8586630228101892
Synthetic seed 27,27,24,1,hour_aware,6132,2044,4.033210370959013
Synthetic seed 27,27,24,2,price_only,8176,2044,3.951181962888273
Synthetic seed 27,27,24,2,hour_aware,8176,2044,4.081826465958475
Synthetic seed 27,27,24,3,price_only,10220,2044,3.8674709786475017
Synthetic seed 27,27,24,3,hour_aware,10220,2044,3.9768253669624145
Synthetic seed 27,27,32,1,price_only,6132,2044,3.8475592413905044
Synthetic seed 27,27,32,1,hour_aware,6132,2044,4.084191018644106
Synthetic seed 27,27,32,2,price_only,8176,2044,3.9344838303364362
Synthetic seed 27,27,32,2,hour_aware,8176,2044,4.113882666407347
Synthetic seed 27,27,32,3,price_only,10220,2044,3.846704573288396
Synthetic seed 27,27,32,3,hour_aware,10220,2044,3.9930800924171588
Synthetic seed 27,27,40,1,price_only,6132,2044,3.8307203795232656
Synthetic seed 27,27,40,1,hour_aware,6132,2044,4.1082186682862165
Synthetic seed 27,27,40,2,price_only,8176,2044,3.9081805221102552
Synthetic seed 27,27,40,2,hour_aware,8176,2044,4.123470432902657
Synthetic seed 27,27,40,3,price_only,10220,2044,3.837831996495668
Synthetic seed 27,27,40,3,hour_aware,10220,2044,4.026241864577245
Synthetic seed 27,27,48,1,price_only,6132,2044,3.8572725988378243
Synthetic seed 27,27,48,1,hour_aware,6132,2044,4.167189928568145
Synthetic seed 27,27,48,2,price_only,8176,2044,3.9231742130182954
Synthetic seed 27,27,48,2,hour_aware,8176,2044,4.1873899880047825
Synthetic seed 27,27,48,3,price_only,10220,2044,3.8408956737853512
Synthetic seed 27,27,48,3,hour_aware,10220,2044,4.068008154532214
Synthetic seed 28,28,4,1,price_only,6132,2044,4.394802078450762
Synthetic seed 28,28,4,1,hour_aware,6132,2044,4.374664282605774
Synthetic seed 28,28,4,2,price_only,8176,2044,4.596099622954589
Synthetic seed 28,28,4,2,hour_aware,8176,2044,4.565543040577139
Synthetic seed 28,28,4,3,price_only,10220,2044,4.293151551485687
Synthetic seed 28,28,4,3,hour_aware,10220,2044,4.253532379432727
Synthetic seed 28,28,6,1,price_only,6132,2044,4.253031293315382
Synthetic seed 28,28,6,1,hour_aware,6132,2044,4.24632222983823
Synthetic seed 28,28,6,2,price_only,8176,2044,4.428868999461035
Synthetic seed 28,28,6,2,hour_aware,8176,2044,4.409814710535244
Synthetic seed 28,28,6,3,price_only,10220,2044,4.130864283598642
Synthetic seed 28,28,6,3,hour_aware,10220,2044,4.099545347267454
Synthetic seed 28,28,8,1,price_only,6132,2044,4.180213220515329
Synthetic seed 28,28,8,1,hour_aware,6132,2044,4.190831801121892
Synthetic seed 28,28,8,2,price_only,8176,2044,4.315672487650458
Synthetic seed 28,28,8,2,hour_aware,8176,2044,4.308130872096108
Synthetic seed 28,28,8,3,price_only,10220,2044,4.0624098178023935
Synthetic seed 28,28,8,3,hour_aware,10220,2044,4.047680053082789
Synthetic seed 28,28,10,1,price_only,6132,2044,4.129523593958129
Synthetic seed 28,28,10,1,hour_aware,6132,2044,4.154509162085256
Synthetic seed 28,28,10,2,price_only,8176,2044,4.256543476622453
Synthetic seed 28,28,10,2,hour_aware,8176,2044,4.2663738185582645
Synthetic seed 28,28,10,3,price_only,10220,2044,3.991152440834327
Synthetic seed 28,28,10,3,hour_aware,10220,2044,3.988676319773305
Synthetic seed 28,28,12,1,price_only,6132,2044,4.086216696337182
Synthetic seed 28,28,12,1,hour_aware,6132,2044,4.136992935796314
Synthetic seed 28,28,12,2,price_only,8176,2044,4.209894194053012
Synthetic seed 28,28,12,2,hour_aware,8176,2044,4.24272104692559
Synthetic seed 28,28,12,3,price_only,10220,2044,3.972541102209977
Synthetic seed 28,28,12,3,hour_aware,10220,2044,3.9956509545539323
Synthetic seed 28,28,16,1,price_only,6132,2044,4.005400179165211
Synthetic seed 28,28,16,1,hour_aware,6132,2044,4.105944191892442
Synthetic seed 28,28,16,2,price_only,8176,2044,4.115197906506607
Synthetic seed 28,28,16,2,hour_aware,8176,2044,4.195737037389619
Synthetic seed 28,28,16,3,price_only,10220,2044,3.932653374332062
Synthetic seed 28,28,16,3,hour_aware,10220,2044,3.9834097293512243
Synthetic seed 28,28,20,1,price_only,6132,2044,3.9704845434666254
Synthetic seed 28,28,20,1,hour_aware,6132,2044,4.091333100697188
Synthetic seed 28,28,20,2,price_only,8176,2044,4.0533483171435485
Synthetic seed 28,28,20,2,hour_aware,8176,2044,4.154881981918809
Synthetic seed 28,28,20,3,price_only,10220,2044,3.8603061455054206
Synthetic seed 28,28,20,3,hour_aware,10220,2044,3.9408429252793584
Synthetic seed 28,28,24,1,price_only,6132,2044,3.9458981082467623
Synthetic seed 28,28,24,1,hour_aware,6132,2044,4.107443881047908
Synthetic seed 28,28,24,2,price_only,8176,2044,4.008790505230142
Synthetic seed 28,28,24,2,hour_aware,8176,2044,4.158382304589745
Synthetic seed 28,28,24,3,price_only,10220,2044,3.863562729957694
Synthetic seed 28,28,24,3,hour_aware,10220,2044,3.9691001166077764
Synthetic seed 28,28,32,1,price_only,6132,2044,3.9069683624311686
Synthetic seed 28,28,32,1,hour_aware,6132,2044,4.121734657478682
Synthetic seed 28,28,32,2,price_only,8176,2044,3.9673074085562856
Synthetic seed 28,28,32,2,hour_aware,8176,2044,4.174474826943753
Synthetic seed 28,28,32,3,price_only,10220,2044,3.8577826948346954
Synthetic seed 28,28,32,3,hour_aware,10220,2044,3.9990856902230556
Synthetic seed 28,28,40,1,price_only,6132,2044,3.924031911505961
Synthetic seed 28,28,40,1,hour_aware,6132,2044,4.172888292648444
Synthetic seed 28,28,40,2,price_only,8176,2044,3.9841894586255564
Synthetic seed 28,28,40,2,hour_aware,8176,2044,4.215622141782639
Synthetic seed 28,28,40,3,price_only,10220,2044,3.847673601611693
Synthetic seed 28,28,40,3,hour_aware,10220,2044,4.0324554694711
Synthetic seed 28,28,48,1,price_only,6132,2044,3.9260201337892524
Synthetic seed 28,28,48,1,hour_aware,6132,2044,4.227688085544774
Synthetic seed 28,28,48,2,price_only,8176,2044,3.9846997048163777
Synthetic seed 28,28,48,2,hour_aware,8176,2044,4.257320596182284
Synthetic seed 28,28,48,3,price_only,10220,2044,3.8502117571110235
Synthetic seed 28,28,48,3,hour_aware,10220,2044,4.059078078550256
Synthetic seed 29,29,4,1,price_only,6132,2044,4.471006204161142
Synthetic seed 29,29,4,1,hour_aware,6132,2044,4.458865898266382
Synthetic seed 29,29,4,2,price_only,8176,2044,4.418833221098381
Synthetic seed 29,29,4,2,hour_aware,8176,2044,4.389139127702082
Synthetic seed 29,29,4,3,price_only,10220,2044,4.306666853477917
Synthetic seed 29,29,4,3,hour_aware,10220,2044,4.266512158232484
Synthetic seed 29,29,6,1,price_only,6132,2044,4.319702785998184
Synthetic seed 29,29,6,1,hour_aware,6132,2044,4.318680622797547
Synthetic seed 29,29,6,2,price_only,8176,2044,4.2874079220363885
Synthetic seed 29,29,6,2,hour_aware,8176,2044,4.274282855002239
Synthetic seed 29,29,6,3,price_only,10220,2044,4.177929645930591
Synthetic seed 29,29,6,3,hour_aware,10220,2044,4.13570172962562
Synthetic seed 29,29,8,1,price_only,6132,2044,4.231011289124631
Synthetic seed 29,29,8,1,hour_aware,6132,2044,4.246830214534348
Synthetic seed 29,29,8,2,price_only,8176,2044,4.184826588075749
Synthetic seed 29,29,8,2,hour_aware,8176,2044,4.181698861314094
Synthetic seed 29,29,8,3,price_only,10220,2044,4.0770174943444335
Synthetic seed 29,29,8,3,hour_aware,10220,2044,4.055607647435353
Synthetic seed 29,29,10,1,price_only,6132,2044,4.166410469224314
Synthetic seed 29,29,10,1,hour_aware,6132,2044,4.208320474665522
Synthetic seed 29,29,10,2,price_only,8176,2044,4.123926679274295
Synthetic seed 29,29,10,2,hour_aware,8176,2044,4.139848118172581
Synthetic seed 29,29,10,3,price_only,10220,2044,4.042228605907548
Synthetic seed 29,29,10,3,hour_aware,10220,2044,4.02413070368077
Synthetic seed 29,29,12,1,price_only,6132,2044,4.108436226529345
Synthetic seed 29,29,12,1,hour_aware,6132,2044,4.1834192409232305
Synthetic seed 29,29,12,2,price_only,8176,2044,4.077919093703518
Synthetic seed 29,29,12,2,hour_aware,8176,2044,4.1194630429537975
Synthetic seed 29,29,12,3,price_only,10220,2044,4.002016129186307
Synthetic seed 29,29,12,3,hour_aware,10220,2044,4.005897738861734
Synthetic seed 29,29,16,1,price_only,6132,2044,4.018861020842777
Synthetic seed 29,29,16,1,hour_aware,6132,2044,4.14977809550998
Synthetic seed 29,29,16,2,price_only,8176,2044,3.9880682546895816
Synthetic seed 29,29,16,2,hour_aware,8176,2044,4.056294639276805
Synthetic seed 29,29,16,3,price_only,10220,2044,3.9375486940868294
Synthetic seed 29,29,16,3,hour_aware,10220,2044,3.964667680736209
Synthetic seed 29,29,20,1,price_only,6132,2044,3.9837573844739156
Synthetic seed 29,29,20,1,hour_aware,6132,2044,4.131387342577112
Synthetic seed 29,29,20,2,price_only,8176,2044,3.917564477468381
Synthetic seed 29,29,20,2,hour_aware,8176,2044,4.016482995276686
Synthetic seed 29,29,20,3,price_only,10220,2044,3.923234347961572
Synthetic seed 29,29,20,3,hour_aware,10220,2044,3.9766545664704016
Synthetic seed 29,29,24,1,price_only,6132,2044,3.9432664183585255
Synthetic seed 29,29,24,1,hour_aware,6132,2044,4.1365713807229465
Synthetic seed 29,29,24,2,price_only,8176,2044,3.909802948146516
Synthetic seed 29,29,24,2,hour_aware,8176,2044,4.0455860069552
Synthetic seed 29,29,24,3,price_only,10220,2044,3.925238115799631
Synthetic seed 29,29,24,3,hour_aware,10220,2044,4.008063578731566
Synthetic seed 29,29,32,1,price_only,6132,2044,3.9643917268346422
Synthetic seed 29,29,32,1,hour_aware,6132,2044,4.2110724675556614
Synthetic seed 29,29,32,2,price_only,8176,2044,3.9409667818579206
Synthetic seed 29,29,32,2,hour_aware,8176,2044,4.12479837976808
Synthetic seed 29,29,32,3,price_only,10220,2044,3.9015536217848075
Synthetic seed 29,29,32,3,hour_aware,10220,2044,4.0254134365527
Synthetic seed 29,29,40,1,price_only,6132,2044,3.960847858958599
Synthetic seed 29,29,40,1,hour_aware,6132,2044,4.241007034613276
Synthetic seed 29,29,40,2,price_only,8176,2044,3.9040053857989054
Synthetic seed 29,29,40,2,hour_aware,8176,2044,4.138468847859524
Synthetic seed 29,29,40,3,price_only,10220,2044,3.8968013802049324
Synthetic seed 29,29,40,3,hour_aware,10220,2044,4.058083476001989
Synthetic seed 29,29,48,1,price_only,6132,2044,3.946426236106367
Synthetic seed 29,29,48,1,hour_aware,6132,2044,4.2673682204456735
Synthetic seed 29,29,48,2,price_only,8176,2044,3.896939742214316
Synthetic seed 29,29,48,2,hour_aware,8176,2044,4.174661577871594
Synthetic seed 29,29,48,3,price_only,10220,2044,3.9103122440561564
Synthetic seed 29,29,48,3,hour_aware,10220,2044,4.102635003299171
